Comment,Author,Published At,Updated At,Like Count
need more video,@WaveOfHistory-d9j,2025-09-25T08:36:50Z,2025-09-25T08:36:50Z,0
fire🔥🔥,@jessygth_0109,2025-08-08T05:49:43Z,2025-08-08T05:49:43Z,0
Wow,@JeremyTroyCabauatan-e4u,2025-07-15T00:19:07Z,2025-07-15T00:19:07Z,0
why is everybody here for homework,@BlakeHolness,2025-04-06T07:50:00Z,2025-04-06T07:50:00Z,0
"im with @em-635, and meowmeowcrazy, and a few others",@BlakeHolness,2025-04-06T07:49:42Z,2025-04-06T07:49:42Z,0
I got sent here for homework,@Math_science6969,2025-04-01T04:43:38Z,2025-04-01T04:43:38Z,0
a,@leo_wf07,2025-03-24T04:54:01Z,2025-03-24T04:54:01Z,0
I like to  research more about science,@sivaramakrishnan7229,2025-02-09T13:29:06Z,2025-02-09T13:29:06Z,0
skibidi toilette,@gabrielasantos195,2025-01-07T16:26:53Z,2025-01-07T16:26:53Z,1
o,@xxgogoxx,2024-11-12T10:50:40Z,2024-11-12T10:50:40Z,0
Alah Taek lu,@MohamadRezaNurohman,2024-04-30T04:43:59Z,2024-04-30T04:43:59Z,0
My cience teacher make me wach it,@walingandres1salazar980,2024-04-29T13:45:13Z,2024-04-29T13:45:13Z,0
Yeah,@walingandres1salazar980,2024-04-29T13:44:28Z,2024-04-29T13:44:28Z,0
Nah,@walingandres1salazar980,2024-04-29T13:44:16Z,2024-04-29T13:44:16Z,0
"Everyone is here to see what happened after the earthquake, while me watching because of my assignment😅",@ITZZVLOGS,2024-04-17T11:15:27Z,2024-04-17T11:15:27Z,0
Nat Geo Tame🤣,@essay_writing_store,2024-04-12T17:25:19Z,2024-04-12T17:25:19Z,0
"This morning, when I was eating my breakfast, I felt the house shake. I thought that it was just two of my little brothers, who are big guys, running around the house, so I ignored it. When I felt it happen, I went downstairs. Mommy said, &quot;We&#39;re having an earthquake.&quot;",@hannahduggan3599,2024-04-05T23:00:40Z,2024-04-05T23:00:40Z,0
I remember my first visit to San Francisco was in July and August of 1989. I remember flying back to LA from SF and seeing the San Andreas Fault and thinking I wonder when this fault will generate another large earthquake. I got my answer on Tuesday October 17th while watching the World Series on TV like everyone else! I’ll never forget it!<br><br>One day Los Angeles will be side by side with San Francisco according to the San Andreas data. God Bless all the people in those cities and regions! GOD BLESS SOCAL AND NORCAL!,@CALIRYD,2024-03-22T12:11:30Z,2024-03-22T12:11:30Z,2
thanks,@appq9e,2024-03-02T23:35:16Z,2024-03-02T23:35:16Z,0
Nobody can prove that the Earth has plates so STOP treating it as fact people it’s only a theory.,@Mario87456,2024-01-03T01:49:16Z,2024-01-03T01:49:16Z,0
"It happens every day, many dont notice it. Tuned mass dampers, foundational shock absorbers, spiral frequency absorbers in foundations, side installing of spring based shock absorbers near already built small homes are some of the necessary building upgrades. Learn about japanese construction techniques, and implement them in your building construction, in areas like japan, haiti, New zealand, Nepal, Morocco, Turkey and Indonesia. Consult the japanese engineers, for more avid details on larger projects.",@vj.joseph,2023-11-26T18:21:45Z,2023-11-26T18:23:45Z,0
plz do more of this animations,@bobbylevitt1641,2023-11-01T04:11:23Z,2023-11-01T04:11:23Z,0
Wow 😢,@kpopcommunity143,2023-09-24T13:03:05Z,2023-09-24T13:03:05Z,0
Here after the earthquake in Morocco,@Watermelon_Juicewat,2023-09-08T23:52:42Z,2023-09-08T23:52:42Z,2
"Big Up, Canadian shield!",@AbortYurfetuses,2023-09-07T00:47:37Z,2023-09-07T00:47:37Z,1
Rain to snow.<br><br>Out.,@loveiscaptiv8ing,2023-08-25T18:20:11Z,2023-08-25T18:20:11Z,0
Who writes this bad copy?,@geoffreylee5199,2023-07-05T22:56:17Z,2023-07-05T22:56:17Z,1
"Hello there from Turkey. Around 3.5 months ago, there was an earthquake. We have lost too many people in our region. I hope you can prepare a big detailed documentary about it. Because it is the most powerful earthquake that has been ever occurred on the ground (not in the ocean) in the human history. Thanks for your help... Greetings from Adıyaman.",@theexplorer_31,2023-05-25T02:55:37Z,2023-05-25T02:55:37Z,1
Wow if you learnt something comment👇,@nwamakaegbeogu7846,2023-04-22T18:02:22Z,2023-04-22T18:02:22Z,0
Great video! We just dropped a rap explaining earthquakes 🔥🔥🌎🔥🔥,@ExplainedThroughRap,2023-04-18T06:49:13Z,2023-04-18T06:49:13Z,1
L,@elisafulleros2512,2023-03-25T07:07:21Z,2023-03-25T07:07:21Z,0
Since Japan gets hit by an earthquake and tsunami in 2011,@gemssanga4059,2023-02-25T04:08:04Z,2023-02-25T04:08:04Z,0
"People love to build and settle down but earth is nobody&#39;s playhouse. She goes whenever she wants, reminding us that it&#39;s her way or broken up highways.",@williamsims383,2023-02-12T01:56:37Z,2023-02-12T01:56:37Z,0
Lá ilaha ila Allah. Earthquakes are a sign the Day of Judgment is near,@priusa8113,2023-02-11T23:06:26Z,2023-02-11T23:06:26Z,1
Can predict them? Sure bud.,@Contagious93812,2023-02-10T20:12:57Z,2023-02-10T20:12:57Z,0
Here after the Turkey earthquake February 2023 😢,@paulinekamau9633,2023-02-07T12:47:32Z,2023-02-07T12:47:32Z,3
very interesting,@super_crazy_fun_real,2023-01-30T00:07:42Z,2023-01-30T00:07:42Z,0
I love this channel cause I see it every break on Sunday and I actually see it in class too!,@bettykwon,2022-11-19T08:05:40Z,2022-11-19T08:05:40Z,0
"🧑‍🚒wow,super scary!I i live in Korea,seoul and i never sa it aquaint!",@bettykwon,2022-11-19T07:52:20Z,2022-11-19T07:52:20Z,1
"You have a misspelling, it does not have capital letters, a very serious mistake🤔🤔",@adamelouahabilagrib9251,2022-11-08T20:36:55Z,2022-11-08T20:36:55Z,1
my geography homework smh,@habibaali2167,2022-10-31T20:56:39Z,2022-10-31T20:56:39Z,0
true,@j.a.r.d3757,2022-10-25T23:05:22Z,2022-10-25T23:05:22Z,0
why yall aint put the answers down here lame ash L humans,@ronasinanaj,2022-10-25T01:03:26Z,2022-10-25T01:03:26Z,1
watchin this because i wanted to know what it was💀,@lnm318,2022-10-13T07:15:54Z,2022-10-13T07:15:54Z,0
Who’s here for homework ?,@ItsEsorix,2022-09-30T00:52:32Z,2022-09-30T00:52:32Z,0
Shoutout to josh g,@Blobfishrgood,2022-08-31T02:19:34Z,2022-08-31T02:19:34Z,0
.,@nobleheroic,2022-08-18T10:10:28Z,2022-08-18T10:10:28Z,0
"Earthquakes in VARIOUS PLACES.<br>CALLING ALL THE PEOPLE ON EARTH, STOP UNDERESTIMATING GOD&#39;S POWER AND REPENT, REPENT, AND REPENT ! THE END OF TIMES IS HERE !",@tsnmproductions,2022-08-08T14:35:08Z,2022-08-08T14:35:08Z,1
Most of these viewers are doing their homework. That includes me.,@samuelhayden4710,2022-07-31T09:17:11Z,2022-07-31T09:17:11Z,0
"Hey, I just wanted to remind you that God loves us, His miracles are real just trust Him and always pray<br>.<br>.<br>.<br>I just want you to know that if you have turned away from the Lord, turn back to him. Don&#39;t let the devil in your body win. If you believe you will never be forgiven because you have committed many sins, you are mistaken. God is good and willing to forgive us as long as we confess all of our sins.",@janeoua6439,2022-07-27T08:04:07Z,2022-07-27T08:04:07Z,1
"Hey, I just wanted to remind you that God loves us, His miracles are real just trust Him and always pray :)",@janeoua6439,2022-07-27T08:04:00Z,2022-07-27T08:04:00Z,0
Here after an 7 magnitude earthquake in Philippines.,@geraldsontambuyat1292,2022-07-27T05:54:43Z,2022-07-27T05:54:43Z,0
I got earthquake in MANILA!,@shemfrancotv,2022-07-27T03:53:48Z,2022-07-27T03:53:48Z,0
I was playing melon playground i was fun i am in after earthquake;-;,@zenon__0ev124,2022-07-27T01:14:27Z,2022-07-27T01:14:27Z,0
"<a href=""https://www.youtube.com/watch?v=e7ho6z32yyo&amp;t=152"">2:32</a> why is there a building composited onto more buildings lmao",@therealjibrano,2022-07-15T07:12:37Z,2022-07-15T07:12:37Z,0
"Watching this because in my geology class we&#39;re currently talking about earthquakes and wanted to learn more! I find them really interesting, and I also hope we could achieve the technology to predict them soon <a href=""https://www.youtube.com/watch?v=e7ho6z32yyo&amp;t=170"">2:50</a>",@MariC_2,2022-07-07T03:30:42Z,2022-07-07T03:30:42Z,20
I ain’t scared of no earthquake! Come on nature! Give me all you got!,@bantehayes9973,2022-06-26T22:56:10Z,2022-06-26T22:56:10Z,1
I came for my homework,@fbiofficialsgamingyt458,2022-06-07T05:02:01Z,2022-06-07T05:02:01Z,0
Thank you for excellent video. This video is very important for Indonesia people to understand earthquakes since we live in many techtonic plate and ring of fire.,@akmaluddinsaid4104,2022-05-14T05:45:11Z,2022-05-14T05:45:11Z,1
Why does Vietnam never have an earthquake?,@uchieupham5175,2022-04-17T05:24:56Z,2022-04-17T05:24:56Z,0
Bbb,@bri62681,2022-04-11T15:56:02Z,2022-04-11T15:56:02Z,0
Wow! That’s so awesome 😃,@kaylagbamis9927,2022-03-29T16:11:45Z,2022-03-29T16:11:45Z,0
christian ronaldo suiwwyy,@isaiahfincher4095,2022-03-22T16:15:09Z,2022-03-22T16:15:09Z,0
I think it’s really interesting to hear about earthquakes and like that stuff but also really sad I wish earthquakes didn’t exist I live in a land that’s safe if it’s earthquakes it like low yk what I mean you can barely feel it,@Ellaalettewoo,2022-03-19T20:31:48Z,2022-03-19T20:31:48Z,0
Hiiiiii,@AliyaAdam-bk7lj,2022-03-16T20:08:21Z,2022-03-16T20:08:21Z,0
Eeeeeeeeeeeeeeeeeeeeeeeeeeeeeeeee,@teresacuzco4259,2022-03-13T17:46:15Z,2022-03-13T17:46:15Z,0
boblox,@Pomba778,2022-02-28T08:51:39Z,2022-02-28T08:51:39Z,0
Yes I agree,@Berserk2536,2022-02-21T21:09:42Z,2022-02-21T21:09:42Z,0
The narrator&#39;s voice is so positive like she is happy about earthquakes killing people? :(,@SniperTypist,2022-02-11T18:48:03Z,2022-02-11T18:48:03Z,1
"if its possible for microwaves to impact small index, accomadated for flow of energy, then would it not be safe to say that earthquakes are &#39;as is&#39; more extensive in damage and a &quot;deterioration&quot; factor in evolution when explained?  earthquakes in my opinion should be priority number one in meteorological study.",@dumdropdumdrop,2021-12-23T22:48:51Z,2021-12-23T22:48:51Z,0
I’m here cause my teacher is forcing me to watch it,@holloweyes5209,2021-11-28T23:09:39Z,2021-11-28T23:09:39Z,0
"I’m Here in The middel of The Night, Not For school .. wha-",@justinedemeester73,2021-11-21T22:12:42Z,2021-11-21T22:12:42Z,0
here in southeast missouri. just had a 4.0 earthquake. never dealt with this before and i’m terrified,@STR8ARRW,2021-11-18T04:55:27Z,2021-11-18T04:55:27Z,2
science homework,@ghastIy,2021-11-01T04:40:28Z,2021-11-01T04:40:28Z,0
Pp<br>Pp<br>Pp<br>Pp<br>Pp<br>Pp<br>Pp<br>Pp<br>Pp<br>Ppp<br>Pp<br>Pp<br>Pp<br>Pp<br>Pp<br>Pp,@rstarcticscope7324,2021-10-19T02:40:41Z,2021-10-19T02:40:41Z,0
"Great,now i understand..i came here to learn it, I was reading my text book and I didn&#39;t understand a single thing..😑",@moohsinatabassum5915,2021-10-18T16:02:51Z,2021-10-18T16:02:51Z,1
Im watching this cause I&#39;m doing this for my school tmrw and it&#39;s interesting,@ILuvPineappl3s,2021-10-11T12:36:39Z,2021-10-11T12:36:39Z,0
"Earthquakes don’t kill, human structures kill",@paradiseb5950,2021-10-06T23:28:44Z,2021-10-06T23:28:44Z,0
"Don’t mind me, just educating myself because an earthquake just struck my city in Australia",@fork8925,2021-09-22T09:48:05Z,2021-09-22T09:48:05Z,1
blokes are after here because of the earthquake in the city of Melbourne,@firepuppy1216,2021-09-22T07:00:31Z,2021-09-22T07:00:31Z,2
Just had a 6.0 magnitude earthquake in Melbourne,@roros6076,2021-09-22T06:29:09Z,2021-09-22T06:29:09Z,1
Who’s here after the Melbourne earthquake,@juzo2099,2021-09-22T04:23:51Z,2021-09-22T04:23:51Z,9
The earthquake just happend in Australia,@WhoPc,2021-09-22T03:55:24Z,2021-09-22T03:55:24Z,3
Wassup MELBOURNE!!,@trentwaterman7049,2021-09-22T02:51:28Z,2021-09-22T02:51:28Z,2
"Who&#39;s here after the 22/09/21 earthquake in Victoria, Australia?",@preshanjohn3210,2021-09-22T02:08:11Z,2021-09-22T02:08:11Z,1
Everyone watching this in their free time enjoying it<br>Me here because my teacher made me watch this,@ob1wansgf440,2021-09-21T16:09:05Z,2021-09-21T16:09:05Z,0
"Easy solution: ban earthquakes. Works in all cases of underage drinking and drug use, gun control, and anything else unfavorable. Just ban earthquakes, and you&#39;ll ban tsunamis also. 2 birds, one law.",@ExtremelyAverage1,2021-09-08T05:33:04Z,2021-09-08T05:33:04Z,0
Am i the only one here because my teacher told me to watch this for online school??,@inaz5831,2021-08-31T00:56:37Z,2021-08-31T00:56:37Z,1
Prayers for Haiti 🇭🇹,@MorphiousMaximus,2021-08-14T21:58:39Z,2021-08-14T21:58:39Z,3
Why is her music is so noisy? My sound is 0,@liliali2248,2021-08-12T06:07:42Z,2021-08-12T06:07:42Z,0
very nice,@tutorialesdeminecraftymas279,2021-08-04T14:40:59Z,2021-08-04T14:40:59Z,0
🦖,@maskanz,2021-07-28T01:58:07Z,2021-07-28T01:58:07Z,1
Salt lake City was a seven,@bryleerich4972,2021-06-26T21:33:38Z,2021-06-26T21:33:38Z,0
"WE can&#39;t tell when earthquake are about to happen, but cats and dogs can. Just have multiple of these animals around and train them to somehow alert the people, or owner, about an earthquake.",@forbiddenformula5767,2021-06-16T03:05:04Z,2021-06-16T03:05:04Z,0
Iam watching this video as a homework :),@fatimamazloum9673,2021-06-11T10:12:16Z,2021-06-11T10:12:16Z,0
Natural geography: this is how the earthquake occurs<br>Me: this is what my teacher make me watch the video.😉,@kavyalife5401,2021-06-03T14:14:02Z,2021-06-03T14:14:02Z,4
Homework...,@ryanluan2104,2021-05-31T09:18:25Z,2021-05-31T09:18:25Z,2
I bet 75% of us are watching this for our 6th grade homework XD,@Alexces9,2021-05-31T06:10:07Z,2021-05-31T06:10:07Z,3
"Hi 5B u know me if u remember this yas queen, go girl, get in to it, u look fab<br>-Angel",@Han_Seo-Jun22,2021-05-24T10:06:07Z,2021-05-24T10:06:07Z,0
Sup 5B sps,@Han_Seo-Jun22,2021-05-24T09:37:54Z,2021-05-24T09:37:54Z,0
Are people only here for homework?,@itzzzsahars8597,2021-05-24T08:00:10Z,2021-05-24T08:00:10Z,4
"Very informative. Thanks for sharing, Lord-Jesus-Christ com",@moses777exodus,2021-05-23T23:26:26Z,2021-05-23T23:26:26Z,0
Am I the only one who is here because I want to be,@skysullivan9495,2021-05-23T22:54:50Z,2021-05-23T22:54:50Z,0
pov : u came here bcs ur homework,@satothesa,2021-05-20T05:47:10Z,2021-05-20T05:47:10Z,0
anybody watched the newest one about earthquakes and then watched this one? :),@amberkramer05,2021-05-18T14:04:00Z,2021-05-18T14:04:00Z,0
so i can say im standing on lava and it be true,@sophieangel515,2021-05-09T03:59:57Z,2021-05-09T03:59:57Z,0
Why was l brun in 2010,@korgo6779,2021-05-01T17:07:02Z,2021-05-01T17:07:02Z,0
my teacher doesn&#39;t know that posted a comment,@ilikeyeet2017,2021-04-21T03:16:17Z,2021-04-21T03:16:17Z,1
"I was literally sleeping until my bed started to tremble , this the first time and it happened about 5 min in Peru lol",@itzjayle3591,2021-04-20T05:04:02Z,2021-04-20T05:04:02Z,0
"Do all online school teachers share the same lesson plans or what? I&#39;m here for homework, too.",@awesomestyles,2021-04-14T19:04:15Z,2021-04-14T19:04:29Z,1
Anyone else here for school,@Huss_110,2021-04-12T04:56:28Z,2021-04-12T04:56:28Z,0
"here because earthquake was recenty happened in my hometown, Java",@nemo2210,2021-04-10T08:34:56Z,2021-04-10T08:34:56Z,0
umm is it just me or her voice sounds really happy???,@tanvi472,2021-04-06T13:51:24Z,2021-04-06T13:51:24Z,1
My Teacher is making me watch this,@cactusfruit98,2021-03-30T22:54:16Z,2021-03-30T22:54:16Z,0
ayo i was sent here from schoolllll wasssupp classmates <br>-ieva,@ievasilver4859,2021-03-19T07:52:03Z,2021-03-19T07:52:03Z,0
"dude she sounded so happy when she said &quot;earthquakes kill about 10,000 people a year!&quot; yay so happy amazing!! love earthquakes! :DDD",@infi9626,2021-03-11T20:32:35Z,2021-03-11T20:32:35Z,0
This narrator sounds like she is 7 years old and really sounds sympathetic when she talks about how deadly they are.  Wonder if she might sound more serious if she lived through a bad one.,@stefeniedavidmusic,2021-03-09T19:58:35Z,2021-03-09T19:58:35Z,2
Who else watching this for online school purposes?,@mikaharnejobaylosis3074,2021-03-08T01:02:22Z,2021-03-08T01:02:22Z,0
Good vid,@2012.jav1d,2021-03-04T10:29:10Z,2021-03-04T10:29:10Z,0
Homework is boring,@rhysguilfoyle2903,2021-03-03T12:40:17Z,2021-03-03T12:40:17Z,0
I&#39;m here for online school 😭<br>My teacher probably subscribed......,@sxmplykitty3321,2021-03-03T10:51:04Z,2021-03-03T10:51:04Z,0
<b>the earth is quaking</b>,@rose-gz3ez,2021-02-26T10:40:22Z,2021-02-26T10:40:22Z,1
Estoy aquí por la tarea k creisi,@ale-bi1ep,2021-02-24T17:29:19Z,2021-02-24T17:29:19Z,0
Just felt a series of earthquakes in Iceland. Largest one was 5.7,@Gerti11222,2021-02-24T10:53:36Z,2021-02-24T10:53:36Z,2
Im here cuz Of Online School.<br>Sad<br>We have a quiz on earthquakes and im desperate for notes,@arsenic9408,2021-02-22T17:23:37Z,2021-02-22T17:23:37Z,1
Claim your: I’m here for online school ticket here,@letsgomommy5983,2021-02-18T17:09:01Z,2021-02-18T17:09:01Z,4
"<b>says in happy tone</b> “they kill 10,000, or even higher sometimes 😁”",@breanabs7306,2021-02-17T18:35:10Z,2021-02-17T18:35:10Z,0
Earth’s mind is telling it no.,@josh7031,2021-02-14T19:12:40Z,2021-02-14T19:12:40Z,0
Super super,@alamtvurdu,2021-02-13T16:01:39Z,2021-02-13T16:01:39Z,0
2 Earthquake tremors felt today in northern India. Shocking yet amazing phenomenon of nature,@Tennis_02,2021-02-12T21:10:58Z,2021-02-12T21:10:58Z,5
Hi I’m here for my online school,@ryanjones3297,2021-02-12T10:25:15Z,2021-02-12T10:25:15Z,1
Not me here for geography😭✋,@laceyandbo2576,2021-02-11T10:53:33Z,2021-02-11T10:53:33Z,0
mi teachers making me watch this,@missgrape4011,2021-02-08T14:22:06Z,2021-02-08T14:22:06Z,0
Ga bisa bahasa enggresssss,@wiwinwinanty2717,2021-02-03T08:05:50Z,2021-02-03T08:05:50Z,0
online school who agree,@emma-kn7ob,2021-02-01T21:43:38Z,2021-02-01T21:43:38Z,0
same online class link to vid,@LahoriNazara,2021-02-01T12:12:39Z,2021-02-01T12:12:39Z,0
<b>geography</b>,@zari4799,2021-02-01T09:28:51Z,2021-02-01T09:28:51Z,2
I was summoned here by my science teacher. Like and comment if you too.,@suhanhalepotra6738,2021-01-30T05:43:37Z,2021-01-30T05:43:37Z,2
Everyone in the comments: I’M hErE fOr OnLiNe ScHoOL,@gemmamae5478,2021-01-28T09:25:46Z,2021-01-28T09:25:46Z,84
teacher sent me here-<br>two days after an earthquake happened in my city-<br>IN THE SEA,@moonlightbelle,2021-01-28T03:47:22Z,2021-01-28T03:47:37Z,4
Where do they occur?,@camburcoodi1295,2021-01-27T20:53:59Z,2021-01-27T20:53:59Z,0
here for homework huh?,@Phantom-Agent-X,2021-01-27T05:14:42Z,2021-01-27T05:14:42Z,0
"you came here cuz an earthquake happened, while I&#39;m here watching this for Science :P",@aomi_la_End,2021-01-25T03:28:42Z,2021-01-25T03:28:42Z,0
I hate women,@h___7110,2021-01-22T15:36:16Z,2021-01-22T15:36:16Z,0
Y she so happy,@acecam3ron998,2021-01-18T09:21:58Z,2021-01-18T09:21:58Z,0
this is very innacurate. nepal is not on a subduction zone👎👎👎,@pepper3934,2021-01-15T15:04:26Z,2021-01-15T15:04:26Z,0
SINCE WHEN DOES THE V.O. WOMAN WATCH DESPICABLE ME?,@tysonac06,2021-01-14T16:58:40Z,2021-01-14T16:58:40Z,0
Anybody come from k 12 science class?,@lxvelyxkeke9149,2021-01-12T19:14:26Z,2021-01-12T19:14:26Z,0
Pov:ur here from an online lesson,@Bbradderz,2021-01-08T14:12:53Z,2021-01-08T14:12:53Z,0
im watching this for science its so boiring,@gracelord2825,2021-01-08T14:12:46Z,2021-01-08T14:12:46Z,0
❤❤❤ I&#39;m thankful I don&#39;t have kids 😁,@unlimitedstyle101,2021-01-08T02:46:33Z,2021-01-08T02:46:33Z,0
"There&#39;s some misinformation in here in just first minute: plates include the uppermost mantle, not just crust. Also, the plates do not &quot;float&quot; on magma. The mantle asthenosphere is solid rock (very soft and hot, though).",@lutzbrandon1,2021-01-06T17:14:17Z,2021-01-06T17:14:17Z,4
POV: your here for school smh,@camolsen3931,2021-01-04T17:31:42Z,2021-01-04T17:31:42Z,1
I just experienced an earthquake and it’s so scary,@indiemagic1473,2020-12-28T07:06:14Z,2020-12-28T07:06:14Z,1
Good evening miss. My name is Nidhi. I have watched the video which is on the you tube. It was very helpful. And I have understood the lesson and the lesson of the concept also miss. And thank you so much miss for teaching very nicely. <br>Thank you miss😊😊.,@nandubhaichannel5961,2020-12-26T13:32:48Z,2020-12-26T13:32:48Z,0
"Thanks for the Video! Sorry for butting in, I am interested in your opinion. Have you tried - Mahorrla Surviving Help Method (search on google)? It is a smashing one of a kind product for protecting your family during a national crisis without the normal expense. Ive heard some decent things about it and my good mate called Gray after many years got cool success with it.",@petakzametak141,2020-12-20T11:11:14Z,2020-12-20T11:11:14Z,0
",I",@ArmaanFathahWr,2020-12-19T15:02:04Z,2020-12-19T15:02:04Z,1
Paja automática 😎,@emer8261,2020-12-15T15:11:16Z,2020-12-15T15:11:16Z,0
Who are here for there school homework ??😁<br>👇🏻👇🏻,@nandini942,2020-12-14T13:35:59Z,2020-12-14T13:35:59Z,1
Bruh i have a geography test tomorrow and i know nothing and can only revise if i hear it,@Priya-bk2py,2020-12-10T07:40:49Z,2020-12-10T07:40:49Z,0
What about intraplate earthquakes<br>I lived through a intraplate earthquake.,@calamityright,2020-12-08T22:35:04Z,2020-12-08T22:35:04Z,0
I&#39;m scared,@blaysondupont658,2020-11-09T20:55:17Z,2020-11-09T20:55:17Z,0
"I live in RI and there was 4.2 earthquake today this morning, lived here for 25 years and never experienced anything like this, oh forgot it&#39;s 2020.",@originalmusic401,2020-11-08T16:26:58Z,2020-11-08T16:26:58Z,1
POV: You are here for online class :c,@ColonP,2020-11-05T18:00:06Z,2020-11-05T18:00:06Z,15
"When homework gets in the way of TF2 , Roblox , and among us",@RinniessanLAGamer,2020-11-04T03:24:00Z,2020-11-04T03:24:00Z,1
Bruh I hate homework very very big earthquake project,@RinniessanLAGamer,2020-11-04T03:21:48Z,2020-11-04T03:21:48Z,2
why does she sound happy or excited,@ilaniiiiiii,2020-11-02T17:25:10Z,2020-11-02T17:25:10Z,0
Oh my God an earthquake,@neejsuavajchannel.7646,2020-10-31T05:47:44Z,2020-10-31T05:47:44Z,0
lilbebe,@majidmajeed9537,2020-10-31T01:05:04Z,2020-10-31T01:05:04Z,0
"The lithospheric plates do NOT float on top of &quot;super heated magma&quot; at <a href=""https://www.youtube.com/watch?v=e7ho6z32yyo&amp;t=37"">0:37</a>.  This is a common falsehood that gets perpetuated by people less knowledgeable, but Nat. Geo. surely ought to know better.  The mantle is made of solid material, not liquid.  Please correct this!  Some reading of an introductory geology textbook beforehand would help you avoid this kind of error.  Teachers - if you assign this video for your students, please correct this when you discuss it with them!",@GeoscienceImaging,2020-10-29T22:00:54Z,2020-10-29T22:00:54Z,0
but this video is good,@couchpotato2672,2020-10-28T15:21:11Z,2020-10-28T15:21:11Z,0
ye im here for homework to,@couchpotato2672,2020-10-28T15:20:02Z,2020-10-28T15:20:02Z,0
BLACKPINK is the revolution,@cynricdaleong1893,2020-10-27T01:26:39Z,2020-10-27T01:26:39Z,4
Japan Sinks brought me here!,@Avk576,2020-10-25T14:07:53Z,2020-10-25T14:07:53Z,0
"<a href=""https://www.youtube.com/watch?v=e7ho6z32yyo&amp;t=155"">2:35</a> weird building on the left Lol",@antoniocorona5474,2020-10-15T22:39:18Z,2020-10-15T22:39:18Z,0
here because the teacher is making us watch it check🗿,@moni-k9i,2020-10-15T20:34:57Z,2020-10-15T20:34:57Z,0
"Nice to see I&#39;m not the only one who was sent here for school. Classmates, if you see this, hi.<br><br>~Ana",@roul4842,2020-10-14T18:23:47Z,2020-10-14T18:23:47Z,3
at school jaja men -_-,@michaeld0218,2020-10-14T14:47:02Z,2020-10-14T14:47:02Z,0
arlo,@fernandocore8319,2020-10-05T13:54:44Z,2020-10-05T13:54:44Z,0
why me i hate school,@Papamarks23,2020-10-04T00:31:05Z,2020-10-04T00:31:05Z,0
Who else if here after the tremors in cape town,@ebs5286,2020-09-30T15:32:17Z,2020-09-30T15:32:17Z,0
Literally here for homework that&#39;s about to be late.,@ggum1z,2020-09-29T03:25:46Z,2020-09-29T03:25:46Z,0
im here cuz my teacher is making us watch this T-T,@parzival7329,2020-09-24T23:13:23Z,2020-09-24T23:13:23Z,1
Hi,@Theo-nn2dk,2020-09-22T14:16:12Z,2020-09-22T14:16:12Z,0
LMAOOOOOOOOOOOOOOOOOOOOO DAM DUDE,@ConqurstorOfEarth,2020-09-22T09:00:24Z,2020-09-22T09:00:24Z,0
When your here bc of flights earthquake👄👁,@LuvBlikk,2020-09-20T06:53:17Z,2020-09-20T06:53:17Z,0
Here after watching the movie Volcano,@castro048,2020-09-19T08:22:40Z,2020-09-19T08:22:40Z,0
"When your here because of September, 18, 2020",@jrrr_maciass5627,2020-09-19T07:42:06Z,2020-09-19T07:42:06Z,0
"Who’s here after September 18,2020?",@cedric182,2020-09-19T06:56:03Z,2020-09-19T06:56:03Z,3
You searched this up because you felt a earthquake didn’t you,@savageassyttv6924,2020-09-19T06:54:56Z,2020-09-19T06:54:56Z,5
Just had one in Southern California 🤔,@pandaplayz8910,2020-09-19T06:54:53Z,2020-09-19T06:54:53Z,2
September 18 2020,@T0NYY,2020-09-19T06:50:41Z,2020-09-19T06:50:41Z,1
I predict there will be earthquakes today.,@Juddanator16,2020-09-19T06:50:24Z,2020-09-19T06:50:24Z,1
hi,@denis-yf7hz,2020-09-18T17:28:56Z,2020-09-18T17:28:56Z,0
SHE SOUND WAY TOO JAZZED FOR THIS TYPE OF VIDEO....,@BostonPower,2020-09-13T04:39:18Z,2020-09-13T04:39:18Z,3
The fact that her voice isn&#39;t so monotone makes the video much more attractive. I learn a LOT. I&#39;m definitely passing 8th grade science! UwU,@toastchan5679,2020-08-31T12:30:23Z,2020-08-31T12:30:23Z,6
Who came here from their homework?,@justaregularslitherwing,2020-08-19T17:16:11Z,2020-08-19T17:16:11Z,1
90 % viewers are students.,@IsarAzam,2020-08-18T14:34:24Z,2020-08-18T14:34:24Z,0
Sometimes her voice reminds me of Azula from ATLA,@annar.9493,2020-08-15T04:05:56Z,2020-08-15T04:05:56Z,0
She sounds like Anna,@eillifonggg,2020-08-09T02:41:00Z,2020-08-09T02:41:00Z,0
AGCS??,@samuellama7037,2020-08-07T03:44:37Z,2020-08-07T03:44:37Z,0
When you’re here because of California’s earthquake at 4:29am July 30th 2020,@francheskajolie7358,2020-07-30T21:04:13Z,2020-07-30T21:04:25Z,3
"Excellent Video clip! Sorry for butting in, I would appreciate your thoughts. Have you heard the talk about - Proutklarton Crisis Away Plan (just google it)? It is an awesome one of a kind product for surviving and preparing for a disaster without the normal expense. Ive heard some interesting things about it and my good mate called Gray  got astronomical success with it.",@adalbertocabrera9999,2020-07-30T19:41:56Z,2020-07-30T19:41:56Z,1
The real problem with earthquakes in populated areas is building upwards instead of outwards... If there&#39;s less junk falling from above you don&#39;t have much to worry about... I understand that people build upwards instead of outwards due to spatial constraints and rocky environments... But maybe the space you seek upwards you already have... Instead of building up.. You can build small spaces that convert into other spaces... An entire house in a reasonably sized room.. The room reconfigures itself into a bedroom or a living room or a kitchen or a toilet or an office based on what configuration you need... Maybe exploring origami in construction would help you in that regard...<br><br>Either that or design tall structures with a wide base and narrow top... Like the pyramids...,@troyhayder6986,2020-07-23T13:45:33Z,2020-07-23T13:49:45Z,14
I have to right a information report on earthquake,@sushirobloxian5925,2020-07-23T01:46:43Z,2020-07-23T01:46:43Z,2
When your head bc of you goegrathy teacher,@leahh073,2020-07-21T12:18:19Z,2020-07-21T12:18:19Z,0
SWORDS HANGING ABOVE US  ... they keep guessing WHEN  ... therefore TIME and i believed GOD&#39;S TIME is a PERFECT TIME  ...  nada mas y nada menos  ... que tengas un buen dia  ... gracias,@eddiedeleon2425,2020-07-12T23:00:21Z,2020-07-12T23:00:21Z,0
"Isnt that means, Our Earts is Angry At Us, cuz We had something Did we Wrone something to our earth?",@OfficialJofuu,2020-07-01T05:08:42Z,2020-07-01T05:08:42Z,0
I just saw some poo poo water 😏,@zinalane3006,2020-06-29T00:28:01Z,2020-06-29T00:28:01Z,1
I’m just here because of school,@rhysvv9709,2020-06-24T15:46:29Z,2020-06-24T15:46:29Z,0
Whose teacher is making them watch this 🙋‍♀️😔🙋‍♀️,@tweens1013,2020-06-22T15:25:25Z,2020-06-22T15:25:25Z,0
Whata iritated voice,@sasadervisevic5923,2020-06-20T00:59:16Z,2020-06-20T00:59:16Z,0
I have a quiz and this was attached to it. Anyone know the answers?,@skyblue1599,2020-06-19T10:23:36Z,2020-06-19T10:23:36Z,0
Trabajo de inglés kk:( alguien traducción?? Ok.,@alexby7149,2020-06-18T01:25:23Z,2020-06-18T01:25:23Z,2
i was in a 5.2 quake like 2 hours ago.,@BenhurAsir,2020-06-14T17:44:53Z,2020-06-14T17:44:53Z,1
Who wanna sum this up so I don’t have to watch it all I just need to answer 3 questions abt this,@Nat-rf6pb,2020-06-09T00:21:14Z,2020-06-09T00:21:14Z,0
Who wanna sum this up so I don’t have to watch it all I just need to answer 3 questions abt this,@Nat-rf6pb,2020-06-09T00:21:14Z,2020-06-09T00:21:14Z,1
Who wanna sum this up so I don’t have to watch it all I just need to answer 3 questions abt this,@Nat-rf6pb,2020-06-09T00:21:14Z,2020-06-09T00:21:14Z,0
Am here for my exam 😂,@abood_megasus9108,2020-06-06T12:10:22Z,2020-06-06T12:10:22Z,0
I no were u live,@ityaboyee9467,2020-06-04T06:50:52Z,2020-06-04T06:50:52Z,1
like is your teacher send you to watch this 😔,@aluraff,2020-06-01T14:12:35Z,2020-06-01T14:12:35Z,4
mmm yes sasquatch matress mom ad,@djmadnessgaming3035,2020-05-29T17:28:53Z,2020-05-29T17:28:53Z,1
"like si eres del ciencias<br>(no es spam solo quiero saber quienes estan aquui)",@andr3524,2020-05-26T17:35:39Z,2020-05-26T17:35:39Z,0
Give me a hail yeah,@jaimeferaer362,2020-05-24T23:20:39Z,2020-05-24T23:20:39Z,0
Might be a little easier to follow if they don’t have some bubble gum-chomping valley girl to do the commentary,@billkittleman9631,2020-05-24T17:33:30Z,2020-05-24T17:33:30Z,0
I wonder what flat earthers think of this,@Nova-bt5lu,2020-05-20T23:08:42Z,2020-05-20T23:08:42Z,1
Ya,@identifytree529,2020-05-20T17:32:12Z,2020-05-20T17:32:12Z,0
Why am I being spoken to like i am a  ｐｏｔａｔｏｅ,@PopCrusher,2020-05-20T17:08:32Z,2020-05-20T17:08:32Z,2
SAN ANDREAS!!,@willcollins1486,2020-05-15T15:18:10Z,2020-05-15T15:18:10Z,0
Yep it was blocked,@yukiiii5583,2020-05-14T18:41:49Z,2020-05-14T18:41:49Z,0
I from 🇭🇹,@jesuskim5575,2020-05-13T04:51:01Z,2020-05-13T04:51:01Z,1
everyone else: came from an experience of an earthquake.<br>me: forced to watch for homework,@Realguy4202,2020-05-10T23:41:37Z,2020-05-10T23:41:37Z,9
Whos here from 22 march 2020 5.3 earthquake,@wrathwavemusic,2020-05-09T06:52:11Z,2020-05-09T06:52:11Z,0
an earthquake is coming today im scared!😭,@Coracoconut,2020-04-30T19:51:05Z,2020-04-30T19:51:05Z,1
I have to do this for online school 🤦🏼‍♂️🤦🏼‍♂️🧢🧢,@charlievasut9482,2020-04-30T14:32:22Z,2020-04-30T14:32:22Z,57
<b>*When you randomly comment on a video you are supposed to watch for homework*</b>,@zoeyb9322,2020-04-28T17:40:17Z,2020-04-28T17:40:17Z,209
I am only here cause i am bored😴,@VietHoang-qt1cf,2020-04-28T00:02:29Z,2020-04-28T00:02:29Z,1
"go check out <a href=""https://www.youtube.com/watch?v=e7ho6z32yyo&amp;t=155"">2:35</a> lmaooooo check the building on he left",@kareem-gr2yq,2020-04-23T07:40:18Z,2020-04-23T07:40:18Z,12
lord protect us!,@DiamondDMarshall,2020-04-22T07:24:00Z,2020-04-22T07:24:00Z,0
"<a href=""https://www.youtube.com/watch?v=e7ho6z32yyo&amp;t=25"">0:25</a> Does Anyone Notice that this is where Dude Perfect Set World Record?",@raansuph8314,2020-04-22T03:22:47Z,2020-04-22T03:22:47Z,6
Everyone is here after an earthquake and then there&#39;s me who came here for my homework ._.,@meowmeowcrazyy,2020-04-16T23:49:32Z,2020-04-16T23:49:32Z,889
"what is it like to be in an earthquake, I wanna know",@ewabigrat8200,2020-04-13T21:06:22Z,2020-04-13T21:06:22Z,3
That&#39;s the big one super earthquake,@nhorysalaber5803,2020-04-13T04:40:56Z,2020-04-13T04:40:56Z,1
"im here for a because i can&#39;t go to school, so i have to do a huge project about earthquakes &amp; plate tectonics",@eunoiiaa5911,2020-04-07T16:04:44Z,2020-04-07T16:05:34Z,72
y&#39;all: here because earthquakes happened<br>me: here because my teacher&#39;s making us watch this,@em-635,2020-04-02T07:06:10Z,2020-04-02T07:06:10Z,740
Anyone here after all the people in utah are freaking out and Idaho just had a 6.5?,@haileywhite9588,2020-04-01T06:21:50Z,2020-04-01T06:21:50Z,1
I’m here because I’m procrastinating. I think more people here for this reason than any other,@supreemcourt9181,2020-03-26T03:20:31Z,2020-03-26T03:20:31Z,1
"here because of today&#39;s Zagreb, Croatia earthquake",@someonesomewhere2366,2020-03-22T18:17:38Z,2020-03-22T18:17:38Z,15
Here because of the 5.3 earthquake in Zagreb,@vrabo3026,2020-03-22T13:56:32Z,2020-03-22T13:56:32Z,1
hi,@martinjones9747,2020-03-19T13:38:53Z,2020-03-19T13:38:53Z,0
hi,@martinjones9747,2020-03-19T13:38:41Z,2020-03-19T13:38:41Z,0
Why is her voice so positive sounding? like &quot;yay earthquakes we are all going to die happy happy yay&quot;,@JoshNunnyt,2020-03-19T09:52:52Z,2020-03-19T09:52:52Z,559
Who else here after Utah’s earthquake 🤭🙋🏽‍♂️,@pohlution373,2020-03-18T23:49:13Z,2020-03-18T23:49:13Z,44
When im here cuz of the earthquake from Utah....,@keepingupwithjustine9885,2020-03-18T22:17:35Z,2020-03-18T22:17:35Z,0
5.7 just happened in Utah,@wingzfan102,2020-03-18T19:09:01Z,2020-03-18T19:09:01Z,1
why are you weird,@baileysicksick4226,2020-02-25T03:15:52Z,2020-02-25T03:15:52Z,0
mr. z sent me here,@phantasm5004,2020-02-24T21:17:00Z,2020-02-24T21:17:00Z,1
very nice video but i cant get over how annoying the ladies voice is lmao,@cassalamon,2020-02-23T02:17:00Z,2020-02-23T02:17:00Z,0
"My teacher, Mrs (idk if it&#39;s ok to say her name so I won&#39;t) showed us this in class today... That&#39;s why I&#39;m here",@SoupDA_AILENSHARKZOMBIE,2020-02-19T00:51:43Z,2020-02-19T00:51:43Z,3
Cool,@danilsarosa1298,2020-02-09T15:03:17Z,2020-02-09T15:03:17Z,0
Who is here after the NO ONE CARES STOPPPPPPPP,@sloth1021,2020-02-03T23:46:48Z,2020-02-03T23:46:48Z,0
Another one 1/28/2020,@dumashernandez5125,2020-01-28T20:32:13Z,2020-01-28T20:32:13Z,0
End times. Planet has been destroyed by humans.,@raf7305,2020-01-21T17:20:21Z,2020-01-21T17:20:21Z,0
Flexible buildings always swinging by air,@BulkyHealthyCat,2020-01-20T09:51:46Z,2020-01-20T09:51:46Z,0
I think earthquakes are the MOST worst!,@skyhelper2755,2020-01-17T14:34:39Z,2020-01-17T14:34:39Z,1
my thoughts are in Iran,@zermaszn,2020-01-08T17:25:06Z,2020-01-08T17:25:06Z,1
Who&#39;s here after Sept. 28 2018 Earthquake + Tsunami Palu. Indonesia?,@RizzM4,2020-01-05T05:31:20Z,2020-01-05T05:31:20Z,1
My friends granparents died with a earthquake of 7.6 in turkey in istanbul over 30000 people died,@alpiano9051,2020-01-01T07:24:32Z,2020-01-01T07:24:32Z,0
Damm looks very dangerous.,@timotpenny9129,2019-12-26T22:03:06Z,2019-12-26T22:03:06Z,1
Whos here after the earthquake that just happened in MINDANAO?,@chillout5244,2019-12-17T20:59:53Z,2019-12-17T20:59:53Z,4
"Thanks so much for this video, its helped me so much on my test tomorrow (hope i do great).",@georgegaming8482,2019-12-12T19:24:30Z,2019-12-12T19:24:30Z,4
Bading ka Jeoffe!,@anzoanz1842,2019-11-23T08:53:19Z,2019-11-23T08:53:19Z,1
Bading ka Jeoffe!,@anzoanz1842,2019-11-23T08:53:02Z,2019-11-23T08:53:02Z,0
hey campbell,@lewisbarter6865,2019-11-19T01:27:37Z,2019-11-19T01:27:37Z,0
i was here because we experience quakes this yr 6x,@jbommb2008,2019-10-31T13:23:33Z,2019-10-31T13:23:33Z,0
We have 6.6  earthquake,@skyrobi5275,2019-10-29T09:45:50Z,2019-10-29T09:45:50Z,0
Who&#39;s here after the 6.7 Earthquake in Mindanao. Pls. be safe guysss,@mayanbolingboling5437,2019-10-29T08:51:14Z,2019-10-29T08:51:14Z,16
I&#39;m here after 6.4 mag in PH,@janreyocho324,2019-10-29T03:40:54Z,2019-10-29T03:40:54Z,7
"i&#39;m here because of the recent 6.7 earthquake here in philippines <br>it quake 4 times, 3at night and 1 in the morning it was so shocking that i became curious of what causes the earth to quake that&#39;s what brought me here",@yuzuinn787,2019-10-17T01:48:49Z,2019-10-17T01:48:49Z,0
No u,@sedozxd,2019-10-16T08:43:23Z,2019-10-16T08:43:23Z,1
"1) The most violent type of earthquake is born in  a                                                            . <br><br> <br><br>2) When subduction occurs under the ocean a                                                              is formed. <br><br> <br><br>3) Has the world ever experienced a 10 on the Richter Scale? If yes,  where did this occur? If no, why do you think the Richter scale goes up to 10 if there has never been one recorded at this level? <br><br> <br><br>4) How are some ways engineers may improve buildings so they are safer in earthquakes?",@tubbytoucanboi6126,2019-10-07T18:53:34Z,2019-10-07T18:53:34Z,0
5.8 on Turkey yesterday,@mrtbsky,2019-09-26T22:40:37Z,2019-09-26T22:40:37Z,1
7.5 albania today,@sirseppuku,2019-09-21T19:46:51Z,2019-09-21T19:46:51Z,1
who is here because they have to do a webquest for science class,@PostsfromtheParkway,2019-09-20T15:57:28Z,2019-09-20T15:57:28Z,2
Im here because i felt an earthquake exactky on the new year and thought it was my controller vibrating am i dumb?,@doodlescnof4424,2019-09-17T11:11:40Z,2019-09-17T11:11:40Z,1
"Watch this video clip: kayakers found a rapid stream of bubbles in the ocean near the epicenter after a magnitude 7.8 earthquake rocked Kaikoura, New Zealand, on 14 November 2016.Earthquake is caused by continuous build-up of &quot;steam&quot; or gases underneath the bedrock until it snapped. When this happened the earthquake is said to have happened. After trapped &quot;steam&quot; or gases have escaped, fragmented bedrocks rebalanced themselves and tremors that happened are called aftershocks. If you are interested in real discoveries, I would recommend you to read my book, The Unification Theory - Volume One and you will be amazed with lots of new, interesting discoveries. In God I trust.",@kokfahchong1867,2019-09-13T03:09:32Z,2019-09-13T03:09:32Z,1
"I live in NZ,  I hate them,  We have had our fair share.",@pugi050,2019-09-04T03:42:14Z,2019-09-04T03:42:14Z,0
"If your here because you are in mrs Connors class, pls like",@imthekattmann,2019-08-27T20:30:23Z,2019-08-27T20:30:23Z,0
"The sound effect that you use for the rumbling is absolutely terrifying because of how close it sounds to the real thing. Living in Taiwan since birth, you&#39;d think I&#39;m use to it but no, I&#39;m even more terrified",@Skyewastaken2,2019-08-13T10:56:31Z,2019-08-13T10:57:39Z,1
No. I&#39;m not here after any news of earthquake. I was just curious to know about &quot;earthquakes&quot;.,@globalcitizen5768,2019-08-11T02:38:10Z,2019-08-11T02:38:40Z,1
"Indonesia (7.4) 😩😩😩😩 <a href=""https://www.youtube.com/watch?v=e7ho6z32yyo&amp;t=68638"">19:03:58</a> 2 august 2019",@untungwahyudi1917,2019-08-09T06:10:40Z,2019-08-09T06:10:40Z,2
I’m here cuz my teacher forced this onto my homework,@bigchungus3158,2019-08-03T09:41:17Z,2019-08-03T09:41:17Z,2
just got a 7.4 earthquake here in Indonesia :(,@cruelmie,2019-08-02T12:42:27Z,2019-08-02T12:42:27Z,0
who were watching this while having an earthquake,@foxyroblox1656,2019-07-22T13:39:29Z,2019-07-22T13:39:29Z,2
Earthquakes are helping redusing human popuation. Thats  a good news.,@gitagoswami6878,2019-07-16T03:45:58Z,2019-07-16T03:45:58Z,0
"Watch this video clip: Kayakers found a rapid stream of bubbles in the ocean near the epicenter after a magnitude 7.8 earthquake rocked Kaikoura, New Zealand on 14 November 2016.Earthquake is caused by continuous build-up of trapped gases or steam underneath the bedrock until it snapped. When this happened, earthquake ensued. After the trapped gases or steam has escaped, the fragmented bedrocks rebalancing themselves and this caused aftershocks. If you are interested in real discoveries, I would recommend you to read my book, The Unification Theory - Volume One and you will be amazed with lots of new, interesting discoveries.  In God I trust.",@kokfahchong1867,2019-07-14T09:01:51Z,2019-07-14T09:01:51Z,0
well good there wasn&#39;t a earthquake in germany lmao,@skeppy1119,2019-07-10T19:36:50Z,2019-07-10T19:39:00Z,0
Whos here after Philippines earthquake just now,@shadowling8795,2019-07-09T12:49:34Z,2019-07-09T12:49:34Z,2
Am I the only one who hates her voice and tone?,@MyDeny1,2019-07-09T11:42:06Z,2019-07-09T11:42:06Z,0
Who’s here because of the recent quakes in Cali lol,@jessie-tg7lc,2019-07-06T06:25:19Z,2019-07-06T06:25:19Z,8
God bless all in California right now.<br><br><br>my brother almost died ): I feel so bad for the people closest to the earthquake,@jayda666,2019-07-06T05:49:54Z,2019-07-06T05:49:54Z,34
Who is here because of the 7.1 earthquake in california,@jullienneandjanavlogs9122,2019-07-06T05:17:35Z,2019-07-06T05:17:35Z,63
Here because of the earthquake in CA,@unnecessary111,2019-07-06T04:40:43Z,2019-07-06T04:40:43Z,5
"the building on the left at <a href=""https://www.youtube.com/watch?v=e7ho6z32yyo&amp;t=152"">2:32</a> LMAO",@BlurrVFX,2019-07-06T04:15:26Z,2019-07-06T04:15:26Z,1
"When you’re here because of California’s earthquake on July 6, 2019,  (7.1)",@Skandar0007,2019-07-06T04:11:20Z,2019-07-06T04:11:20Z,143
Who is here from the recent earthquake,@DJSLANKMAN,2019-07-06T03:39:31Z,2019-07-06T03:39:31Z,65
It happen twice today and at 4th of July,@jessicapulido6093,2019-07-06T03:27:46Z,2019-07-06T03:27:46Z,13
Whos here after the earthquake that just happened in USA,@amnazahra6600,2019-07-04T17:55:00Z,2019-07-04T17:55:00Z,141
some good demonstration.....about earthquakes.,@amingaedwin55,2019-05-28T10:01:17Z,2019-05-28T10:01:17Z,0
I’ve actually lived through several big Earthquakes in my LifeTime so far now and such as the very first one that I could remember which was primarily  the 1989 Loma Prieta Earthquake Of October 17th during Game 3 of the 1989 World Series at CandleStick Park Between the SF Giants and the Oakland A’s and then The 1994 Northridge EarthQuake in which I had been woken up by it and along with all of those other small Tiny tremors over the years having been felt by me and my Family back in my old HomeTown Of King City Ca when living nearby the Town Of ParkField AKA now officially dubbed the “Earthquake Capitol Of the World” and then the 2000 Yountville Quake And even including the most recent while in which was the 2014 South Napa Earthquake and that ever since then having grown up as a Native Californian I’ve grown Accustom to these Natural Disasters that have occurred all throughout the Golden State and that I’ve now just become recently interested in studying Seismology and The Current Geological Activities along some of California’s most dangerous Fault Lines such as the San Andreas and Hayward Faults along the SF Bay Area about what’s going on with their Current Movements <br>🤔🤔🤔🤔🤔🤔🤔🤔🤔🤔🤔🤔🤔,@bobbycraig6168,2019-05-26T22:28:31Z,2019-05-26T22:45:39Z,10
"I used this video for An essay, PSA,Poster in school",@patriciaguevara8739,2019-05-08T00:06:10Z,2019-05-08T00:06:10Z,1
O my gosh the land is breaking  the land apart,@semajesquilin6575,2019-05-06T23:32:23Z,2019-05-06T23:32:23Z,0
my teacher show us this video<br>xD,@whimsye,2019-05-04T15:43:40Z,2019-05-04T15:43:40Z,1
I think 10 has only happened on Land before Time cartoon movie ☹️,@judyreza4923,2019-05-02T18:50:11Z,2019-05-02T18:50:11Z,1
I survived antes earthqueyk,@danielibarra7270,2019-04-30T22:51:38Z,2019-04-30T22:51:38Z,2
Your visual aids about how earthquakes generate are unhelpful,@jae_yt,2019-04-30T02:30:06Z,2019-04-30T02:30:06Z,0
Whos here bcoz of last day earthquake?,@reniamarminley2803,2019-04-23T10:04:37Z,2019-04-23T10:04:37Z,12
Should mention that convection currents in the mantle cause the plates to shift around,@tomchaude8999,2019-04-16T07:18:48Z,2019-04-16T07:18:48Z,2
"There are a lot of mistakes in this video. I would recommend against using this for education. For instance, tectonic plates are not moving around on magma. Instead, the plates (lithosphere) move on ductile but solid rock (asthenosphere).",@Killyoudeadnstuff,2019-03-24T17:00:31Z,2019-03-24T17:00:31Z,0
Thats why i respect pro Earthshaker.,@rviejohn,2019-03-20T20:31:07Z,2019-03-20T20:31:07Z,1
Who’s watching in 2019 ? A 7.0 earthquake hit anchorage Alaska last November . I was in it and it was scary.,@kelsiecorrea8553,2019-03-03T19:25:35Z,2019-03-03T19:25:35Z,0
epic ganmes,@colitsolit2630,2019-02-08T16:03:02Z,2019-02-08T16:03:02Z,0
"Great vid overall, EXCEPT in the cool animation used to show plate interactions at :35 there was no mention of convection in the upper mantle driving plate movements. And rather than the circular rise and fall of mantle material, some wavy lines were used. Please correct and re-post. <br><br>-Mr. Delcourt&#39;s M4 Physical Science Class",@joshdelcourt2321,2019-02-01T18:38:49Z,2019-02-01T18:38:49Z,1
I guess,@k4tzj0y4,2019-01-22T07:27:02Z,2019-01-22T07:27:02Z,0
All cats and dogs can sense it if a cat can hear it will run,@k4tzj0y4,2019-01-22T07:26:21Z,2019-01-22T07:26:21Z,0
"hello!!!! thanks for your meaningful information will use it for RAFFLES DESIGN INSTITUTE , ARCS  class",@glorianitra,2019-01-09T08:08:24Z,2019-01-09T08:08:24Z,0
7000,@albonqueely1327,2018-12-04T18:56:39Z,2018-12-04T18:56:39Z,0
Who is watching in 2018?,@appless.,2018-12-04T16:59:36Z,2018-12-04T16:59:36Z,0
Jehovah God promise that there will be no more pain or suffering read this in your bible at Revelation 21:4 for more information visit our website at @t and type in the search box the word suffering.,@emmajones1065,2018-11-28T21:47:48Z,2018-11-28T21:47:48Z,0
"<a href=""https://www.youtube.com/watch?v=e7ho6z32yyo&amp;t=32"">0:32</a>",@ayo7166,2018-11-11T07:53:07Z,2018-11-11T07:53:07Z,2
032,@ayo7166,2018-11-11T07:53:00Z,2018-11-11T07:53:00Z,0
This lady seemed way to happy,@MilkTub,2018-11-08T00:37:18Z,2018-11-08T00:37:18Z,1
I have an exam today 😂,@zachthecolorfulogre1082,2018-10-29T00:14:21Z,2018-10-29T00:14:21Z,0
"I might sound dumb, but based on your tectonic plates map, Syria is laying on a line. Syria in my knowledge has little to no earthquakes but doesn&#39;t it being on a line mean that it has many earthquakes. You know, because in that spot (the line) plates hit one another?<br><br>And Btw if you google &quot;tectonic plates&quot;, you&#39;ll get different pictures. For example Japan, in the map at <a href=""https://www.youtube.com/watch?v=e7ho6z32yyo&amp;t=30"">0:30</a> Japan is inside 4 plates, while it&#39;s inside 3 plates in other google pictures.",@rodolf5941,2018-10-19T15:46:42Z,2018-10-19T19:26:02Z,4
"Modern Seismologists prefer to use the Moment Magnitude Scale as opposed to the Richter scale. The MM scale provides clearer picture of the area of the fault that actually ruptured and the energy that was released. Besides, the Richter scale becomes inaccurate in case of very large earthquakes, which the MM scale doesn&#39;t.",@EMMANUELMULEHANE,2018-09-20T09:46:53Z,2018-09-20T09:46:53Z,3
But I can not have it I&#39;m from United States of America,@aaliyahandkarsynchannel9235,2018-09-10T21:42:49Z,2018-09-10T21:42:49Z,1
Wow that scary,@aaliyahandkarsynchannel9235,2018-09-10T21:41:03Z,2018-09-10T21:41:03Z,2
I lived in California and experienced a few earthquakes,@Safariahmari1119,2018-08-24T15:41:29Z,2018-08-24T15:41:29Z,1
Boi<br><br>Dat interesting,@AlejoAnimations,2018-07-13T04:47:14Z,2018-07-13T04:47:14Z,1
"Welp, i am going to California on October...",@its_thyy,2018-07-13T04:46:48Z,2018-07-13T04:46:48Z,5
My teacher showed this to us in class. This helped me for my test next week. :D,@sophiali3432,2018-06-01T01:38:17Z,2018-06-01T01:38:17Z,16
😍😍😍😍 OMG! MY FAVORITE VOICE ACTOR! She ia awesome!,@Neri4x4,2018-05-18T21:49:47Z,2018-05-18T21:49:47Z,5
"Why does earth have water, but other planets dont?",@chenico0908,2018-05-07T06:48:55Z,2018-05-07T06:48:55Z,0
So.... these tectonic plates move because of the hot magma? Why is magma in the earth? What purpose does magma do for the earth?,@chenico0908,2018-05-07T06:47:34Z,2018-05-07T06:47:34Z,1
I always wonder what’s the strongest earthquake to hit Oklahoma.,@forgive_me_for_my_past,2018-04-21T22:26:01Z,2018-04-21T22:26:01Z,3
sic<br>thats the wrong number,@redzonedanger5226,2018-04-12T20:48:26Z,2018-04-12T20:48:26Z,0
my teacher is making me watch this,@nou4537,2018-04-05T16:46:21Z,2018-04-05T16:46:21Z,4
nice info,@randyclovis7027,2018-02-28T00:53:07Z,2018-02-28T00:53:07Z,0
Thank god Brazil can’t have any earthquakes,@STRANGELOVE652,2017-12-10T06:17:42Z,2017-12-10T06:17:42Z,2
"My country <a href=""https://www.youtube.com/watch?v=e7ho6z32yyo&amp;t=86"">1:26</a>",@cubeoi,2017-12-02T06:54:13Z,2017-12-02T06:54:13Z,2
thank you for the information! :-),@Panda-fw2tc,2017-11-09T01:24:21Z,2017-11-09T01:24:21Z,1
Mrs.Peruzzi’s class?,@spoon3832,2017-11-03T14:50:31Z,2017-11-03T14:50:31Z,1
you guys should come to GUYANA it does not have no EARTHQUAKES nor hurricane,@wendyhenry1446,2017-10-01T21:34:17Z,2017-10-01T21:34:17Z,0
Now mexico 🇲🇽,@Max-pp1wr,2017-09-21T07:44:12Z,2017-09-21T07:44:12Z,1
I&#39;m lucky there&#39;s almost no earthquakes here where I live.,@mansbjork5721,2017-08-22T14:53:44Z,2017-08-22T14:53:44Z,7
I watched this when we have a earthquake drill on school,@pandaaaax8975,2017-07-22T01:37:59Z,2017-07-22T01:37:59Z,4
I WANT THE WORLD DISASPIERD,@marcantoinegagne2591,2017-07-09T16:10:38Z,2017-07-09T16:10:38Z,1
😢😢,@sahantandukar9589,2017-05-02T08:53:50Z,2017-05-02T08:53:50Z,0
Dr,@magalysuazo8676,2017-04-28T00:28:50Z,2017-04-28T00:28:50Z,0
I&#39;m educating myself about earthquake because of sudden quakes felt here in the Philippines.,@youdeservetobehappynow7584,2017-04-08T15:15:59Z,2017-04-08T15:15:59Z,0
"But... in this video it says there are about 12 tectonic plates, while YOUR video on volcanoes says it has about 17. Even for an &#39;about&#39;, a five tectonic plate difference is pretty large.",@Bread-ss3pj,2017-03-08T22:52:42Z,2017-03-08T22:52:42Z,5
"MY SCHOOL WATCHED DIZ, OUR TEACHER SHOWED THIS TO USSSSSSSS! School in China (Hong Kong)",@eeveesylveon4858,2017-03-02T16:17:18Z,2017-03-02T16:17:18Z,2
this video was a good one,@ibraheemsavage4545,2017-02-23T20:19:44Z,2017-02-23T20:19:44Z,0
There&#39;s a ghost in Japans tsunami 🌊,@w.sliang7938,2016-12-23T08:44:34Z,2016-12-23T08:44:34Z,2
thanks i used it for homework,@jhaltd2623,2016-11-24T12:01:48Z,2016-11-24T12:01:48Z,59
Hi,@lilycoffey2712,2016-10-19T04:22:56Z,2016-10-19T04:22:56Z,0
The Longest running Horse Shit! There is No subduction of One &quot;Plate&quot; under  another! The Earth Grows and the Earthquake is a surge of Electromagnetic forces an Earth &quot;Spasm&quot; if You will!,@StephEWaterstram,2016-07-14T19:44:09Z,2016-07-14T19:44:09Z,0
"I was in a 7.2 in Anchorage January 2016.  That&#39;s stronger than the mass killer in Haiti, we just were prepared for it.",@maxwelljacobs8830,2016-05-29T05:13:46Z,2016-05-29T05:13:46Z,0
WHAT IS THIS FOR A SIX YEAR OLD????????????????,@kevinsargent79,2015-12-11T10:17:51Z,2015-12-11T10:17:51Z,0
Nature knows overpopulation,@gnouveli,2015-12-08T13:34:36Z,2015-12-08T13:34:36Z,0
"Earthquakes &amp; tsunamis have been getting people threatened in Japan for a long time. If you guys live in no-earthquakes &amp; tsunamis country, you&#39;re lucky!",@takehikomori4559,2015-12-08T09:11:22Z,2015-12-08T09:11:22Z,49
I survived Nepal earthquake 😪,@MrSamasta,2015-12-07T11:13:16Z,2015-12-07T11:13:16Z,3
"Well done synopsis, and a reminder that this rock we live on isn&#39;t as complacent as we&#39;d like to think.",@Anonymoose,2015-12-07T08:14:59Z,2015-12-07T08:14:59Z,11
Am I the only one who really likes when an earthquake above 6 of magnitude happens?? I mean 5 and below are pretty weak but when a 6 or more happens I always enjoy feeling the earth moving idk why but since I was a child I loved it,@morsit,2015-12-07T05:12:59Z,2015-12-07T05:12:59Z,1
No fear my fellow Californians.  The Rock will save us.,@Ntmoffi,2015-12-07T05:12:29Z,2015-12-07T05:12:29Z,146
No mention of Chile?? damn... Its one of our most common things,@skepzy123,2015-12-07T00:53:40Z,2015-12-07T00:53:40Z,41
Meanwhile here in chile the floor moves every 10 seconds.,@rockoto4716,2015-12-06T19:05:28Z,2015-12-06T19:05:28Z,82
I feel like 1st grader,@sinusarrest,2015-12-06T16:52:08Z,2015-12-06T16:52:08Z,51
Didn&#39;t we already learn this in 6th grade??!!,@pascalbeck7200,2015-12-06T16:32:57Z,2015-12-06T16:32:57Z,11
architecture 101 with ted mosby.. Only me??,@jonathanakesson4263,2015-12-06T16:26:55Z,2015-12-06T16:26:55Z,0
Singapore never experience earthquake before,@dracolim6726,2015-12-06T16:13:41Z,2015-12-06T16:13:41Z,0
,@rajuraikar8725,2015-12-06T15:01:15Z,2015-12-06T15:01:15Z,0
"Hi everyone,this was good.",@regentbenedict,2015-12-06T14:50:20Z,2015-12-06T14:50:20Z,0
The earthquake that hit Nepal was scary.. I don&#39;t want that again..,@sulavkhatiwada4461,2015-12-06T13:48:07Z,2015-12-06T13:48:07Z,0
Earthquakes are not predictable?,@DOC7ORT,2015-12-06T13:42:52Z,2015-12-06T13:42:52Z,1
yay 2nd,@huiashadrock,2015-12-06T13:05:11Z,2015-12-06T13:05:11Z,2
first,@biboyaguinald0217,2015-12-06T13:03:42Z,2015-12-06T13:03:42Z,4
