Comment,Author,Published At,Updated At,Like Count,Text_Curat,Sentiment_TextBlob,Sentiment_NLTK,Sentiment_VADER,Sentiment_HF_Label,Sentiment_HF_Score
"Thanks for Sharing and Subscribing. 🙏Enjoy more Ambient Choir Music in this Playlist:<br><a href=""https://www.youtube.com/playlist?list=PLVWtd6TAbjUAybhgZyl13qOncmETIVijt"">https://www.youtube.com/playlist?list=PLVWtd6TAbjUAybhgZyl13qOncmETIVijt</a>",@AmbientMusicParadise,2023-01-29T13:39:49Z,2023-01-29T13:39:49Z,39,thanks for sharing and subscribing enjoy more ambient choir music in this playlistbra hrefhttpswwwyoutubecomplaylistlistplvwtdtabjuaybhgzylqoncmetivijthttpswwwyoutubecomplaylistlistplvwtdtabjuaybhgzylqoncmetivijta,0.3666666666666667,0.836,0.836,POSITIVE,0.9927781224250793
🇺🇸❤️❤️❤️❤️❤️❤️❤️❤️❤️❤️❤️❤️❤️❤️😴 makes me sleepy easily,@catherineramos8371,2024-01-10T06:20:39Z,2024-01-10T06:20:39Z,0,makes me sleepy easily,0.43333333333333335,0.34,0.34,NEGATIVE,0.9892399311065674
"I was listening to the Abby Choir &#39;Little Drummer boy&#39; , then this popped up.. Im so happy it did!!!  Merry CHRISTmas , Happy New Yr!!!!",@antifatbastard,2024-01-01T05:32:14Z,2024-01-01T05:32:14Z,1,i was listening to the abby choir little drummer boy  then this popped up im so happy it did  merry christmas  happy new yr,0.3872159090909091,0.9323,0.9176,POSITIVE,0.9997885823249817
what a magic music,@sohailasohaila129,2023-12-31T22:56:18Z,2023-12-31T22:56:18Z,1,what a magic music,0.5,0.0,0.0,POSITIVE,0.999842643737793
"Listening at about <a href=""https://www.youtube.com/watch?v=mN6WesqrhcA&amp;t=48m50s"">48:50</a> and wondering what language the choir is singing in",@christielyons5079,2023-12-31T21:46:17Z,2023-12-31T21:46:17Z,1,listening at about a hrefhttpswwwyoutubecomwatchvmnwesqrhcaamptmsa and wondering what language the choir is singing in,0.0,0.0,0.0,NEGATIVE,0.9737499952316284
"I would have liked it better with words. Some of the music sounded like German. As a choir member, I love these traditional songs and I like to sing along. That wasn&#39;t possible.",@bonnie9511,2023-12-31T17:33:45Z,2023-12-31T17:33:45Z,1,i would have liked it better with words some of the music sounded like german as a choir member i love these traditional songs and i like to sing along that wasnt possible,0.26666666666666666,0.9313,0.9313,POSITIVE,0.5259444117546082
"Why does the list not go further than the first 40 minutes? It becomes a sort quiz, not nice for ESL people",@albertvanv,2023-12-31T00:09:57Z,2023-12-31T00:09:57Z,0,why does the list not go further than the first  minutes it becomes a sort quiz not nice for esl people,-0.016666666666666663,-0.3252,-0.3252,NEGATIVE,0.9998146891593933
Impossible to outgrow this.  Thanks from Ireland. Nollaig Shona go léir.,@duibheasaoreilly167,2023-12-30T21:52:34Z,2023-12-30T21:52:34Z,1,impossible to outgrow this  thanks from ireland nollaig shona go lir,-0.2333333333333333,0.5228,0.5228,NEGATIVE,0.5058846473693848
Soo beautiful.,@MsSouthard1,2023-12-30T18:20:47Z,2023-12-30T18:20:47Z,1,soo beautiful,0.85,0.5994,0.5994,POSITIVE,0.9996641874313354
Great to listen to throughout the 12 days of Christmas  beginning after Midnight Mass on December 25th. <br>Dominus tecum!,@mottledbrain,2023-12-29T02:35:16Z,2023-12-29T02:35:16Z,2,great to listen to throughout the  days of christmas  beginning after midnight mass on december th brdominus tecum,0.8,0.6249,0.6249,POSITIVE,0.9975807666778564
I never knew there was so much foot work involved 🤯👍🏽,@01dimster,2023-12-28T22:35:25Z,2023-12-28T22:35:25Z,0,i never knew there was so much foot work involved,0.2,0.0,0.0,NEGATIVE,0.8208804130554199
Praise to our God of hope in Christ Jesus our Lord of Lord&#39;s! Thank You for blessing so many with this wonderful music and vocals!,@sanfordhelmuth8600,2023-12-28T13:06:17Z,2023-12-28T13:06:17Z,1,praise to our god of hope in christ jesus our lord of lords thank you for blessing so many with this wonderful music and vocals,0.75,0.9564,0.9564,POSITIVE,0.9998694658279419
There are no crosses on any of the churches. 😳,@BenjaminIstvanCseko,2023-12-28T09:44:23Z,2023-12-28T09:44:23Z,0,there are no crosses on any of the churches,0.0,-0.296,-0.296,NEGATIVE,0.997846245765686
"Sung by the ChatGTP choir? AI is taking over everything, even christmas carols....sounds nice as background music though.",@charleshultquist9233,2023-12-27T17:17:17Z,2023-12-27T17:17:17Z,0,sung by the chatgtp choir ai is taking over everything even christmas carolssounds nice as background music though,0.6,0.4215,0.4215,POSITIVE,0.9785842299461365
Half to two thirds we would wit b ge ab he wit th ac ev yo welco si,@debrakatrena9767,2023-12-27T17:12:15Z,2023-12-27T17:12:15Z,0,half to two thirds we would wit b ge ab he wit th ac ev yo welco si,-0.16666666666666666,0.0,0.0,NEGATIVE,0.9837225079536438
Nie można piękniej wielbić Narodzin Naszego Pana.,@zbigniewmilewicz8007,2023-12-26T15:25:44Z,2023-12-26T15:25:44Z,2,nie mona pikniej wielbi narodzin naszego pana,0.0,0.0,0.0,NEGATIVE,0.9651820063591003
"Beautiful music!!! The pro Israel ad I could have done without but, hey! It’s Yule, good will toward everyone",@BenjaminHasko,2023-12-26T02:53:36Z,2023-12-26T02:53:36Z,0,beautiful music the pro israel ad i could have done without but hey its yule good will toward everyone,0.7749999999999999,0.743,0.743,POSITIVE,0.9997063279151917
I am 80,@michaelhemkendreis432,2023-12-26T01:16:14Z,2023-12-26T01:16:14Z,0,i am,0.0,0.0,0.0,POSITIVE,0.9991477727890015
Bas sig mas,@debrakatrena9767,2023-12-25T22:36:51Z,2023-12-25T22:36:51Z,0,bas sig mas,0.0,0.0,0.0,POSITIVE,0.7468649744987488
MAs a1,@debrakatrena9767,2023-12-25T22:33:48Z,2023-12-25T22:33:48Z,0,mas a,0.0,0.0,0.0,NEGATIVE,0.9988054037094116
THANK YOU!!!!!!!!!!!!!!,@user-kl4hd2rz1l,2023-12-25T22:20:08Z,2023-12-25T22:20:08Z,2,thank you,0.0,0.3612,0.3612,POSITIVE,0.9998352527618408
"Fabulous (and interesting) arrangement of this lovely carol! Sam never disappoints! Thank you, Sam, and Merry Christmas!",@gaylesuggs8523,2023-12-25T17:02:15Z,2023-12-25T17:02:15Z,2,fabulous and interesting arrangement of this lovely carol sam never disappoints thank you sam and merry christmas,0.4666666666666666,0.9346,0.9346,POSITIVE,0.9998910427093506
Lpve christmas music but what language is it?,@julianjohns2626,2023-12-25T06:04:24Z,2023-12-25T06:04:24Z,1,lpve christmas music but what language is it,0.0,0.0,0.0,NEGATIVE,0.9868537187576294
Praise The Lord The Savior has been born Merry Christmas,@Slav_0282,2023-12-24T17:15:54Z,2023-12-24T17:15:54Z,2,praise the lord the savior has been born merry christmas,0.0,0.7964,0.7964,POSITIVE,0.9997847676277161
prachtige en rustgevende muziek heerlijk om naar te luisteren MIJN  dank oprecht<br><br>GERARD JOCHES TENOR,@gerardjochems3511,2023-12-24T16:05:42Z,2023-12-24T16:05:42Z,0,prachtige en rustgevende muziek heerlijk om naar te luisteren mijn  dank oprechtbrbrgerard joches tenor,0.0,0.0,0.0,NEGATIVE,0.9270057082176208
Ευχαριστούμε!,@annaplessa9261,2023-12-24T03:45:54Z,2023-12-24T03:45:54Z,2,,0.0,0.0,0.0,POSITIVE,0.7481208443641663
"Thank you, you made my Christmas atmosphere perfect!",@danolson6476,2023-12-23T18:52:11Z,2023-12-23T18:52:11Z,3,thank you you made my christmas atmosphere perfect,1.0,0.7351,0.7351,POSITIVE,0.9998764991760254
Love all of these songs. Merry Christmas to all. ❤,@user-er9ws3st6d,2023-12-23T07:34:35Z,2023-12-23T07:34:35Z,3,love all of these songs merry christmas to all,0.5,0.8271,0.8271,POSITIVE,0.9998817443847656
I love this classical sound!<br>The choir has beautiful singing! I’m sharing will all my Christian friends.✝️,@corneliacarden4344,2023-12-22T19:04:13Z,2023-12-22T19:04:13Z,4,i love this classical soundbrthe choir has beautiful singing im sharing will all my christian friends,0.3375,0.9325,0.9325,POSITIVE,0.9998181462287903
Thank you.,@paulzsoka9037,2023-12-22T07:33:11Z,2023-12-22T07:33:11Z,2,thank you,0.0,0.3612,0.3612,POSITIVE,0.9998352527618408
"Praying for all those who, like me, are alone, no family left. May Christ be near.<br>🙏🙏🙏",@laj2240,2023-12-21T16:44:48Z,2023-12-21T16:44:48Z,10,praying for all those who like me are alone no family left may christ be nearbr,0.0,0.2023,0.2023,NEGATIVE,0.9916883111000061
"Feels like Angels singing healing to us 😊<br>Praying for all of my brethren in Christ 🙏💙<br>And thank you for making this, all who were involved! 💛",@rebeccaclements2404,2023-12-21T05:35:15Z,2023-12-21T05:35:15Z,6,feels like angels singing healing to us brpraying for all of my brethren in christ brand thank you for making this all who were involved,0.0,0.6124,0.6124,POSITIVE,0.9995052814483643
God bless everyone this Season 🙏  RIP James Pierce ❤😢  I wished we could have spoken to each other one last time💔 prayers for your family❤🙏 ❤,@user-xr6em4ld9n,2023-12-20T21:06:23Z,2023-12-20T21:06:23Z,1,god bless everyone this season   rip james pierce   i wished we could have spoken to each other one last time prayers for your family,-0.0625,0.5994,0.5994,POSITIVE,0.9607632160186768
May God continue to bless and keep you! 😊👏🎁🎵🎶🎤,@maryrhodes9447,2023-12-20T17:32:02Z,2023-12-20T17:32:02Z,9,may god continue to bless and keep you,0.0,0.5994,0.5994,POSITIVE,0.9995874762535095
"Christmas🎉music brings the memory of Christ,s birth bringing joy and salvation to the world.<br>May the joy and peace of Christmas fill you and your entire house and the entire universe.<br>Emmanuel! Christ is with us",@OsendaBernard,2023-12-19T12:58:25Z,2023-12-19T12:58:25Z,1,christmasmusic brings the memory of christs birth bringing joy and salvation to the worldbrmay the joy and peace of christmas fill you and your entire house and the entire universebremmanuel christ is with us,0.4,0.9022,0.9022,POSITIVE,0.9997186064720154
Beautiful music. No words to describe the joy within me!,@AngelaVel-ve9vz,2023-12-17T23:22:11Z,2023-12-17T23:22:11Z,2,beautiful music no words to describe the joy within me,0.825,0.7579,0.7579,POSITIVE,0.9985743761062622
Beautiful Christmas muziek and a beautiful song and background LG Elisabeth and Joep...👼👼🎅🤶🧑‍🎄,@ElisabethKlaassen,2023-12-17T11:44:01Z,2023-12-17T11:44:01Z,1,beautiful christmas muziek and a beautiful song and background lg elisabeth and joep,0.85,0.8316,0.8316,POSITIVE,0.9998058676719666
No se oye lo que cantan,@Alternivma,2023-12-16T19:28:22Z,2023-12-16T19:28:22Z,0,no se oye lo que cantan,0.0,-0.296,-0.296,NEGATIVE,0.989247739315033
"awful, like they don&#39;t know the lyrics at all... 3 hours for 10 songs??",@cathywilson3551,2023-12-16T18:00:33Z,2023-12-16T18:00:33Z,0,awful like they dont know the lyrics at all  hours for  songs,-1.0,-0.128,-0.128,NEGATIVE,0.9997430443763733
It&#39;s so touching musics for my deep heart and glorify the redeemer..,@OppoA-et7zg,2023-12-16T16:53:20Z,2023-12-16T18:36:25Z,1,its so touching musics for my deep heart and glorify the redeemer,0.25,0.5719,0.836,POSITIVE,0.9998219609260559
Is this a choir or a keyboard?,@hopefuldad,2023-12-16T10:01:10Z,2023-12-16T10:01:10Z,0,is this a choir or a keyboard,0.0,0.0,0.0,NEGATIVE,0.5817034244537354
I am 90years and loving these beautiful carols.,@MargotChristie-or4es,2023-12-15T22:40:09Z,2023-12-15T22:40:09Z,4,i am years and loving these beautiful carols,0.725,0.8316,0.8316,POSITIVE,0.9998761415481567
I really don’t mind if the choir is singing in a different language because most people know the music all over the world! Have a blessed Christmas and a happy new year to you all!,@ettaesch4050,2023-12-12T21:17:47Z,2023-12-12T21:17:47Z,9,i really dont mind if the choir is singing in a different language because most people know the music all over the world have a blessed christmas and a happy new year to you all,0.32727272727272727,0.8225,0.8225,POSITIVE,0.999276340007782
Thank you so much for this beautiful Christmas music. Really calming and graceful ❤,@lavernebryant7857,2023-12-12T15:52:43Z,2023-12-12T15:52:43Z,9,thank you so much for this beautiful christmas music really calming and graceful,0.4166666666666667,0.9243,0.9243,POSITIVE,0.9998745918273926
Sounds like angels,@maryburt8747,2023-12-12T01:40:33Z,2023-12-12T01:40:33Z,2,sounds like angels,0.0,0.3612,0.3612,POSITIVE,0.9965850114822388
thats What I&#39;m talking about!           <br><br>                         <b>Classic</b>,@clarkkent3730,2023-12-12T01:17:28Z,2023-12-12T01:17:28Z,1,thats what im talking about           brbr                         bclassicb,0.0,0.0,0.0,NEGATIVE,0.9715267419815063
This is so beautiful 😎🙏❤️,@theculturedbumpkin,2023-12-11T17:46:16Z,2023-12-11T17:46:16Z,6,this is so beautiful,0.85,0.7177,0.7177,POSITIVE,0.9998801946640015
💚,@candyland4021,2023-12-09T20:35:50Z,2023-12-09T20:35:50Z,1,,0.0,0.0,0.0,POSITIVE,0.7481208443641663
Thank you  our lady of Fatima.   We love you.   Let us all. Thank his mother.  Joanpennington.   Roe. 🌿🌲🌲🌿🏆🌿😊😊,@joanroe7770,2023-12-08T03:33:25Z,2023-12-08T03:33:25Z,1,thank you  our lady of fatima   we love you   let us all thank his mother  joanpennington   roe,0.5,0.8481,0.8481,POSITIVE,0.9997190833091736
I found this music.   When i. Really needed it.  Beautiful.    Our lady of medjGorie.   Pray for us.  🌲🌿🎄🏆🏆🏆🏆🏆🌿Joanpennington.  Roe.,@joanroe7770,2023-12-08T03:30:54Z,2023-12-08T03:30:54Z,1,i found this music   when i really needed it  beautiful    our lady of medjgorie   pray for us  joanpennington  roe,0.525,0.7553,0.7553,POSITIVE,0.9958661794662476
This glorious choir singing the Christmas carols of my youth causes me to cherish my Christian heritage. It is a deeply beautiful heritage...may we continue to honor it by remembering the Spirit of Christmas...the journey to the Holy City for the birth of the Light.,@anatille,2023-12-08T00:21:00Z,2023-12-08T00:24:07Z,10,this glorious choir singing the christmas carols of my youth causes me to cherish my christian heritage it is a deeply beautiful heritagemay we continue to honor it by remembering the spirit of christmasthe journey to the holy city for the birth of the light,0.4166666666666667,0.9422,0.9422,POSITIVE,0.9998685121536255
"In the summer I was diagnosed with prostate cancer at 76, no cure. I wonder how long I have to enjoy this special time of year and the beautiful music.",@magnuswalker7957,2023-12-07T18:43:39Z,2023-12-07T18:43:39Z,7,in the summer i was diagnosed with prostate cancer at  no cure i wonder how long i have to enjoy this special time of year and the beautiful music,0.3892857142857143,0.561,0.561,POSITIVE,0.9995890259742737
"So glad the internet brings quality to us peasants. Everyone in my real life is untalented, tone-deaf and shallow. Thank god for the internet.",@microsoft.microandsoft.for1923,2023-12-07T17:25:15Z,2023-12-07T17:25:15Z,1,so glad the internet brings quality to us peasants everyone in my real life is untalented tonedeaf and shallow thank god for the internet,0.12222222222222222,0.7841,0.7841,NEGATIVE,0.9179065823554993
😊😊ES LA MUSICA PERFECTA DE TODA LA VIDA!! UN VERDADERO GOZO !!,@user-bb1cr2xk7e,2023-12-07T16:37:45Z,2023-12-07T16:37:45Z,1,es la musica perfecta de toda la vida un verdadero gozo,0.0,0.34,0.34,POSITIVE,0.955689013004303
Beautiful ❤🧚‍♀️🎄,@lisajayneskender9606,2023-12-07T05:02:36Z,2023-12-07T05:02:36Z,3,beautiful,0.85,0.5994,0.5994,POSITIVE,0.9998807907104492
"I am 62 and not enjoy being alone, most of the time.",@user-ol6ig5sk5v,2023-12-05T21:37:00Z,2023-12-05T21:37:00Z,0,i am  and not enjoy being alone most of the time,0.15,-0.2235,-0.2235,POSITIVE,0.5678707361221313
God Bless Us Everyone!,@tommytam3208,2023-12-05T04:39:10Z,2023-12-05T04:39:10Z,3,god bless us everyone,0.0,0.5994,0.5994,POSITIVE,0.9996044039726257
I think of my dad who died this summer in the age of 53,@GrafLothinsmoor,2023-12-04T13:56:49Z,2023-12-04T13:56:49Z,3,i think of my dad who died this summer in the age of,0.0,-0.5574,-0.5574,POSITIVE,0.9551302194595337
Are some of the songs in Welsh?,@johninman7545,2023-12-04T03:57:59Z,2023-12-04T03:57:59Z,0,are some of the songs in welsh,0.0,0.0,0.0,POSITIVE,0.9983770847320557
Superbe soirée à l&#39;écoute de ces chants 💓,@francinedrion7775,2023-12-03T21:16:43Z,2023-12-03T21:16:43Z,2,superbe soire  lcoute de ces chants,0.0,0.0,0.0,POSITIVE,0.9985237717628479
"Am I the only one who thinks this all sounds digitally produced, including the voices?",@saraamelia8746,2023-12-02T15:27:57Z,2023-12-02T15:27:57Z,2,am i the only one who thinks this all sounds digitally produced including the voices,0.0,0.0,0.0,NEGATIVE,0.9983013868331909
"Well, I came here from Wardruna, so I guess this counts",@TravisSuter,2023-12-02T05:52:43Z,2023-12-02T05:52:43Z,0,well i came here from wardruna so i guess this counts,0.0,0.2732,0.2732,NEGATIVE,0.6480675935745239
Wonderful!!!!,@anonymousboomer9749,2023-12-01T20:26:11Z,2023-12-01T20:26:11Z,3,wonderful,1.0,0.5719,0.5719,POSITIVE,0.9998772144317627
"What language, if any, is this",@valor101arise,2023-12-01T19:37:27Z,2023-12-01T19:37:27Z,0,what language if any is this,0.0,0.0,0.0,NEGATIVE,0.9949502944946289
Thank you. These songs put me in the spirit of Christmas.,@lilianedenoni5481,2023-12-01T18:05:29Z,2023-12-01T18:05:29Z,5,thank you these songs put me in the spirit of christmas,0.0,0.4939,0.4939,POSITIVE,0.9998573064804077
"A única coisa que realmente controlamos são nossas atitudes perante a vida. Então é inútil perdermos tempo em brigar com o que acontece. Veja Boethius: &quot;O que importa é nossa atitude. É única coisa que podemos escolher. Então se assim é escolhamos sorrir, nem que seja só para lembrar dos momentos alegres.&quot; Ou eternos e infindáveis minutos que a Paz que estas músicas nos trazem. Feliz Natal, almas amigas...",@paulorodrigues374,2023-11-30T23:46:59Z,2023-11-30T23:46:59Z,1,a nica coisa que realmente controlamos so nossas atitudes perante a vida ento  intil perdermos tempo em brigar com o que acontece veja boethius quoto que importa  nossa atitude  nica coisa que podemos escolher ento se assim  escolhamos sorrir nem que seja s para lembrar dos momentos alegresquot ou eternos e infindveis minutos que a paz que estas msicas nos trazem feliz natal almas amigas,0.0,0.0,0.0,NEGATIVE,0.9744282364845276
"The only thing we really control is our attitude to life. So it&#39;s pointless wasting time fighting with what happens. Look at Boethius: &quot;What matters is our attitude. It&#39;s the only thing we can choose. So if that&#39;s the case, let&#39;s choose to smile, if only to remember the happy moments.&quot; Or the eternal and endless minutes of peace that these songs bring us. Merry Christmas, friendly souls...",@paulorodrigues374,2023-11-30T23:46:30Z,2023-11-30T23:46:30Z,1,the only thing we really control is our attitude to life so its pointless wasting time fighting with what happens look at boethius quotwhat matters is our attitude its the only thing we can choose so if thats the case lets choose to smile if only to remember the happy momentsquot or the eternal and endless minutes of peace that these songs bring us merry christmas friendly souls,0.14444444444444446,0.9008,0.9008,NEGATIVE,0.9986078143119812
"Divino!!! Agradeço ao Espírito Santo ter a sensibilidade para apreciar o Natal em sua absoluta mensagem: Jesus, um presente de Deus, nasceu. Glória a Deus nas alturas!",@paulorodrigues374,2023-11-30T23:18:39Z,2023-11-30T23:18:39Z,2,divino agradeo ao esprito santo ter a sensibilidade para apreciar o natal em sua absoluta mensagem jesus um presente de deus nasceu glria a deus nas alturas,0.0,0.0,0.0,NEGATIVE,0.9246459603309631
soo beautiful! 😌 happy almost Advent 🔥 and Merry early Christmas to the World 👑 ⛄👼🙏🧑‍🎄🦌🎄,@SexySkoChick,2023-11-30T21:41:53Z,2023-11-30T21:42:09Z,4,soo beautiful  happy almost advent  and merry early christmas to the world,0.5833333333333334,0.8965,0.8965,POSITIVE,0.9998177886009216
"Magnifique, merci :)",@freececile227,2023-11-28T13:18:29Z,2023-11-28T13:18:29Z,2,magnifique merci,0.0,0.0,0.0,NEGATIVE,0.7085835933685303
God always gives us good and beautiful things. such as music And all these songs. amen,@MusicforChristmas-zy2ze,2023-11-28T11:19:36Z,2023-11-28T11:19:36Z,1,god always gives us good and beautiful things such as music and all these songs amen,0.5166666666666666,0.836,0.836,POSITIVE,0.9998146891593933
❤❤❤❤❤❤❤❤❤,@dianaarango1135,2023-11-24T18:36:15Z,2023-11-24T18:36:15Z,1,,0.0,0.0,0.0,POSITIVE,0.7481208443641663
"So beautiful.  What language is this, please?",@caroldixon7796,2023-11-24T18:32:57Z,2023-11-24T18:32:57Z,0,so beautiful  what language is this please,0.85,0.7794,0.7794,POSITIVE,0.9998520612716675
"Classical music explores a wide range of sonic landscapes, from the delicate melodies of orchestral strings to the intricate harmonies of chamber music. This creates a diverse and rich musical experience.",@FlexingClassicalMusic,2023-11-24T01:20:44Z,2023-11-24T01:20:44Z,4,classical music explores a wide range of sonic landscapes from the delicate melodies of orchestral strings to the intricate harmonies of chamber music this creates a diverse and rich musical experience,-0.0050000000000000044,0.8432,0.8432,POSITIVE,0.9998592138290405
❤ so nice to hear... I love your songs... Merry Christmas❤❤❤,@user-gg3wp5nq8v,2023-11-22T08:32:12Z,2023-11-22T08:32:12Z,1,so nice to hear i love your songs merry christmas,0.55,0.8955,0.8955,POSITIVE,0.999866247177124
All my family is gone. This really brightened my day.  Thank you for the memories. 🎄🫶🙏,@cindraclark7204,2023-11-21T20:43:42Z,2023-11-21T20:43:42Z,22,all my family is gone this really brightened my day  thank you for the memories,0.2,0.7089,0.7089,POSITIVE,0.9998024106025696
WTF?! Why is this not the actual lyrics in any language spoken by man and not actual singers? This feels so wrong. I wanted the actual traditional songs. Super disappointing.,@maryamjoha,2023-11-19T23:35:07Z,2023-11-19T23:36:36Z,0,wtf why is this not the actual lyrics in any language spoken by man and not actual singers this feels so wrong i wanted the actual traditional songs super disappointing,-0.15833333333333333,-0.7959,-0.7959,NEGATIVE,0.999776303768158
This is SO BEAUTIFUL!  Create more like this.  You have no idea what you contribute to others&#39; lives.  SO PEACEFUL.  THANK YOU!,@JazzCoffeeAmbience,2023-11-17T06:54:14Z,2023-11-17T06:54:14Z,10,this is so beautiful  create more like this  you have no idea what you contribute to others lives  so peaceful  thank you,0.5333333333333333,0.9419,0.9419,POSITIVE,0.999835729598999
"Omg  .i will see you soon ,love of my life",@cornishwolves69,2023-11-15T20:43:29Z,2023-11-15T20:43:29Z,1,omg  i will see you soon love of my life,0.5,0.6369,0.6369,POSITIVE,0.9998492002487183
サンタさんが本当にきますように✨,@user-ge9uj5sr1x,2023-11-13T17:27:26Z,2023-11-13T17:27:26Z,0,,0.0,0.0,0.0,POSITIVE,0.7481208443641663
"I enjoy Christmas music, but I&#39;m not a fan off the season. I would rather be by myself.",@dougwoods4550,2023-11-13T09:05:53Z,2023-11-13T09:05:53Z,0,i enjoy christmas music but im not a fan off the season i would rather be by myself,0.4,-0.0882,-0.0882,NEGATIVE,0.7912720441818237
The pretty pictures of the house and the churches are marvelous. The churches look Greek Orthodox. Am I right¿ Or they a figment of your imagination¿,@mudgebauer,2023-11-10T23:23:12Z,2023-11-10T23:23:12Z,0,the pretty pictures of the house and the churches are marvelous the churches look greek orthodox am i right or they a figment of your imagination,0.2671428571428572,0.7964,0.7964,POSITIVE,0.9998482465744019
Lovely music and video. Please identify the electronic keyboard being used to simulate the voices¿,@mudgebauer,2023-11-10T23:16:38Z,2023-11-10T23:16:38Z,0,lovely music and video please identify the electronic keyboard being used to simulate the voices,0.5,0.7269,0.7269,POSITIVE,0.9998026490211487
"listening right now November 9, 2023 at 9:10pm from Philippines. Merry Christmas ⛄🎁",@lividtorres5621,2023-11-09T13:09:43Z,2023-11-09T13:09:43Z,1,listening right now november   at pm from philippines merry christmas,0.2857142857142857,0.5423,0.5423,POSITIVE,0.999005138874054
This woke me up in the middle of the night. It totally creeps me out for some reason.  It’s like the musical version of creepy AI artwork. How can I block this from playing???,@theotherme4120,2023-11-09T01:31:22Z,2023-11-09T01:31:22Z,0,this woke me up in the middle of the night it totally creeps me out for some reason  its like the musical version of creepy ai artwork how can i block this from playing,-0.125,0.1027,0.1027,NEGATIVE,0.9886856079101562
I&#39;M OLD ENOUGH TO APPRECIATE THIS WONDERFUL CHOIR CHRISTMAS MUSIC. AS MUCH AS I LIKE MODERN SONGS ABOUT CHRISTMAS. NOTHING BRINGS ME CLOSER THAN THIS!!,@normlor,2023-11-08T02:13:50Z,2023-11-08T02:13:50Z,17,im old enough to appreciate this wonderful choir christmas music as much as i like modern songs about christmas nothing brings me closer than this,0.3,0.8616,0.8616,POSITIVE,0.9985961318016052
Hi all. What is the name of the Orchestra Chrorus who sing this songs? Or the entire album.... thank you,@alexmurphy8862,2023-11-06T08:39:31Z,2023-11-06T08:39:31Z,0,hi all what is the name of the orchestra chrorus who sing this songs or the entire album thank you,0.0,0.3612,0.3612,POSITIVE,0.999554455280304
Merry Christmas to everyone reading. I pray you are blessed with everything you need this Christmas. 🙏🎄,@Stephanie_Vanderkellen,2023-11-06T03:19:21Z,2023-11-06T03:19:21Z,5,merry christmas to everyone reading i pray you are blessed with everything you need this christmas,0.0,0.8658,0.8658,POSITIVE,0.9998108744621277
Que maravillosa cancion me recuerda a la vispera de navidad  aunque yo celebre solo la navidad en mi casa nadie me vicita 😢,@albertojosemunoz4734,2023-11-04T13:21:43Z,2023-11-04T13:21:43Z,0,que maravillosa cancion me recuerda a la vispera de navidad  aunque yo celebre solo la navidad en mi casa nadie me vicita,0.0,0.0,0.0,NEGATIVE,0.6954917311668396
These beautiful songs touch the soul.,@carolthompson302,2023-11-03T02:50:12Z,2023-11-03T02:50:12Z,9,these beautiful songs touch the soul,0.85,0.5994,0.5994,POSITIVE,0.9998757839202881
Músicas maravilhosas 🌹💕👏👏👏,@wbarcellos,2023-11-02T19:44:25Z,2023-11-02T19:44:25Z,3,msicas maravilhosas,0.0,0.0,0.0,NEGATIVE,0.9684559106826782
"Beautiful orthodox Christian carols, thank you. and God Bless",@andrewm514,2023-11-02T13:51:49Z,2023-11-02T13:51:49Z,7,beautiful orthodox christian carols thank you and god bless,0.21666666666666665,0.8834,0.8834,POSITIVE,0.9998718500137329
Hermosa música navideña muchas gracias,@evacarrascorojas4415,2023-11-02T13:37:16Z,2023-11-02T13:37:16Z,2,hermosa msica navidea muchas gracias,0.0,0.0,0.0,NEGATIVE,0.9817549586296082
Wonderful music 😊brought tears to my eyes as I remembered my dearest Daddy and Mommy💙💚I’m old now and they are gone 😢,@nellymarlenewatkinss.9443,2023-10-28T17:52:06Z,2023-10-28T17:52:06Z,19,wonderful music brought tears to my eyes as i remembered my dearest daddy and mommyim old now and they are gone,0.55,0.7506,0.7506,POSITIVE,0.9976584911346436
UM... this is OCTOBER !,@billrea66,2023-10-26T06:04:26Z,2023-10-26T06:04:26Z,0,um this is october,0.0,0.0,0.0,NEGATIVE,0.9312145709991455
😍,@eileenkung1654,2023-10-24T17:15:14Z,2023-10-24T17:15:14Z,1,,0.0,0.0,0.0,POSITIVE,0.7481208443641663
Where are the words? I don’t hear actual lyrics. Am I losing my mind? Or is this like creepy AI version of Christmas music???,@theotherme4120,2023-10-22T02:34:20Z,2023-10-22T02:34:20Z,0,where are the words i dont hear actual lyrics am i losing my mind or is this like creepy ai version of christmas music,-0.25,0.0708,0.0708,NEGATIVE,0.9991466999053955
The beauty of listening to this on my cell phone is I can plug it into the car radio. Dont have to be bothered with hearing Mariah Carey start up every five minutes.,@slim-oneslim8014,2023-10-21T08:45:26Z,2023-10-21T08:45:26Z,22,the beauty of listening to this on my cell phone is i can plug it into the car radio dont have to be bothered with hearing mariah carey start up every five minutes,0.0,0.3612,0.3612,POSITIVE,0.9964686632156372
This is majestic. Kinda brings both happiness and warmth at the same time. ❤,@bjorn6869,2023-10-21T07:09:12Z,2023-10-21T07:09:12Z,17,this is majestic kinda brings both happiness and warmth at the same time,0.35,0.7458,0.7458,POSITIVE,0.9998844861984253
🌟🏛🌟 - TOUS CES CHANTS &amp; MERVEILLES POURRAIENT VENIR DE CE TEMPLE CÉLESTE  &amp; RADIEUX❕   M*E*R*C🌟  POUR CET OPUS FÉERIQUE.    🎄🎁<br>A TRÈS  BIENTÔT  DANS LA LUMIÈRE  &amp; LES MILLE LUMIÈRES  DU 24 &amp; 25 DÉCEMBRE 2023  💫 ❄ 💫<br>DIVINEMENT VÔTRE  🌈&quot;&quot;🌬 🌟👑🌟🕊’’🔥🔥🔥,@nicoleasdorion4437,2023-10-20T07:17:28Z,2023-10-20T07:18:36Z,1,tous ces chants amp merveilles pourraient venir de ce temple cleste  amp radieux   merc  pour cet opus ferique    bra trs  bientt  dans la lumire  amp les mille lumires  du  amp  dcembre     brdivinement vtre  quotquot,0.0,0.0,0.0,NEGATIVE,0.9595049023628235
"M*E*R*C 🤍  @ AmbientMusicParadise  POUR CE VOYAGE INTER-NOËL EN CES CHANTS FÉERIQUES. ✝️⚜❄⚜✡   <br>EN CETTE SAISON TRÈS  PARTICULIÈRE,  SI NOUS POUVIONS  INSUFFLER SES DOUX CHANTS AUX OREILLES DE NOS  COMBATTANTS ET SURTOUT  AUX MAÎTRES D’ORDRES❣<br>DIVINEMENT VÔTRE :  🌈&quot;&quot;🌬  🌟*👑*🌟🕊&quot;&quot;🔥🔥🔥",@nicoleasdorion4437,2023-10-20T00:46:38Z,2023-10-20T00:46:38Z,1,merc    ambientmusicparadise  pour ce voyage internol en ces chants feriques    bren cette saison trs  particulire  si nous pouvions  insuffler ses doux chants aux oreilles de nos  combattants et surtout  aux matres dordresbrdivinement vtre   quotquot  quotquot,0.0,0.0,0.0,NEGATIVE,0.7266286611557007
"omg, i miss my old self. Hearing this kind of music made me think of my family.",@kreontv,2023-10-19T11:16:14Z,2023-10-19T11:16:14Z,8,omg i miss my old self hearing this kind of music made me think of my family,0.35,-0.1531,-0.1531,POSITIVE,0.9911251664161682
"Yes,,, this bring back all the memories. Relate",@anamariealaro6789,2023-10-19T10:12:54Z,2023-10-19T10:12:54Z,2,yes this bring back all the memories relate,0.0,0.4019,0.4019,POSITIVE,0.9996721744537354
"Within the first few seconds I become very emotional. These carols for me are more than just fuzzy feelings of Christmas, but of the One who gave it all so I could have life. I needed this mix as I&#39;m coming out of a dry and disappointing season of life. What a beautiful reminder of what&#39;s truly important. 🙏❣✝🕊",@AshleyKristyen,2023-10-06T21:49:24Z,2023-10-06T21:49:24Z,124,within the first few seconds i become very emotional these carols for me are more than just fuzzy feelings of christmas but of the one who gave it all so i could have life i needed this mix as im coming out of a dry and disappointing season of life what a beautiful reminder of whats truly important,0.14166666666666666,0.8199,0.8199,POSITIVE,0.9960741996765137
"Señor, gracias por salvarme, estaba tan a oscuras y viniste y me cegaste con tu luz, ahora estoy libre de las manos del enemigo, señor, continuaré sirviéndote, amén.",@FelizNavidad1539,2023-10-01T17:10:49Z,2023-10-01T17:10:49Z,2,seor gracias por salvarme estaba tan a oscuras y viniste y me cegaste con tu luz ahora estoy libre de las manos del enemigo seor continuar sirvindote amn,0.0,0.0,0.0,NEGATIVE,0.8788471221923828
Hermoso video. Me fascina la Navidad y todos sus elementos culturales.<br>Gracias por compartirlo.,@mateosantiago,2023-09-28T13:44:21Z,2023-09-28T13:44:21Z,1,hermoso video me fascina la navidad y todos sus elementos culturalesbrgracias por compartirlo,0.0,0.0,0.0,POSITIVE,0.8538421392440796
What language are they singing,@maryloumackelprang5856,2023-08-25T03:04:01Z,2023-08-25T03:04:01Z,0,what language are they singing,0.0,0.0,0.0,NEGATIVE,0.8404448628425598
"Malam kudus ( silent night ), lagu yg kami selalu nyanyikan ketika misa di malam natal. Lagu yg membawa damai di hati.",@juniartosutanto2205,2023-02-05T09:18:39Z,2023-02-05T09:18:39Z,0,malam kudus  silent night  lagu yg kami selalu nyanyikan ketika misa di malam natal lagu yg membawa damai di hati,0.0,0.0,0.0,NEGATIVE,0.9958107471466064
"This is beautiful. Memories of Christmas’ past came flooding back. My parents, my aunts and uncles, family, friends and neighbors who are no longer here.   Beautiful and wonderful! Merry Christmas! 🎄🎁",@bobholmes65,2023-02-01T07:45:45Z,2023-02-01T07:46:14Z,50,this is beautiful memories of christmas past came flooding back my parents my aunts and uncles family friends and neighbors who are no longer here   beautiful and wonderful merry christmas,0.49000000000000005,0.9509,0.9509,POSITIVE,0.9996697902679443
"Thanks for Sharing and Subscribing. 🙏Enjoy more Ambient Choir Music in this Playlist:<br><a href=""https://www.youtube.com/playlist?list=PLVWtd6TAbjUAybhgZyl13qOncmETIVijt"">https://www.youtube.com/playlist?list=PLVWtd6TAbjUAybhgZyl13qOncmETIVijt</a>",@AmbientMusicParadise,2023-01-29T13:39:49Z,2023-01-29T13:39:49Z,39,thanks for sharing and subscribing enjoy more ambient choir music in this playlistbra hrefhttpswwwyoutubecomplaylistlistplvwtdtabjuaybhgzylqoncmetivijthttpswwwyoutubecomplaylistlistplvwtdtabjuaybhgzylqoncmetivijta,0.3666666666666667,0.836,0.836,POSITIVE,0.9927781224250793
Beautiful,@arlenehensley6753,2023-01-29T00:40:12Z,2023-01-29T00:40:12Z,5,beautiful,0.85,0.5994,0.5994,POSITIVE,0.9998807907104492
Beautiful!,@arlenehensley6753,2023-01-29T00:38:16Z,2023-01-29T00:38:16Z,6,beautiful,0.85,0.5994,0.5994,POSITIVE,0.9998807907104492
awesome stuff.,@samdaman916,2023-01-16T23:19:17Z,2023-01-16T23:19:17Z,2,awesome stuff,1.0,0.6249,0.6249,POSITIVE,0.9998680353164673
"Such a BLESSED Find this AM!  Thank you!   What I had watched first was the Harry Belafonte song, &quot;Mary&#39;s Boy Child&quot; w/video.  It provided such solace during this Christmas season; it is the eternal essence of why we believe.   I&#39;ll follow up w/the video link you provide below.",@janemazzola4454,2023-01-05T15:50:34Z,2023-01-05T15:50:34Z,1,such a blessed find this am  thank you   what i had watched first was the harry belafonte song quotmarys boy childquot wvideo  it provided such solace during this christmas season it is the eternal essence of why we believe   ill follow up wthe video link you provide below,-0.0625,0.5574,0.5574,POSITIVE,0.9980803728103638
❤MERRY CHRISTMAS and HAPPY NEW YEAR 2023 💙 ... peace and joy of The Lord be with us 🙏,@langitdewandaru2854,2023-01-01T04:53:44Z,2023-01-01T04:53:44Z,5,merry christmas and happy new year    peace and joy of the lord be with us,0.5787878787878787,0.9382,0.9382,POSITIVE,0.9998787641525269
"Too many commercials, this is ruined!",@stacieadams6277,2022-12-31T14:09:16Z,2022-12-31T14:09:16Z,0,too many commercials this is ruined,0.5,-0.4767,-0.4767,NEGATIVE,0.9998061060905457
I can listen to this ALL day every day all year!,@archangelvvv,2022-12-31T00:19:00Z,2022-12-31T00:19:00Z,36,i can listen to this all day every day all year,0.0,0.0,0.0,POSITIVE,0.9986255168914795
I imagine this is what the angels sound like!,@WorthyistheLambRev1,2022-12-28T15:36:44Z,2022-12-28T15:36:44Z,1,i imagine this is what the angels sound like,0.4,0.3612,0.3612,POSITIVE,0.9917142987251282
"I am Gali, in the year 1980 I lost all my hopes, I became a thief  and club dancer. At that time I heard about Christ, the Lord spoke with me though the Scripture.   <br><br> JOHN 14:6  “I AM THE WAY THE TRUTH AND THE LIFE NO MAN COMETH UNTO THE FATHER BUT BY ME.” <br><br>  I surrendered my life to Lord Jesus and confessed that He is the only Lord and died for my sins to deliver me from all my sins (Karma). When I totally surrendered my life to the Lord He has delivered me from evil spirits, which suffered me about 6 years. I became a new person in Christ.    I love Bible so much and started memorizing the scriptures.   <br> <br>By the grace of God I have memorized Five Thousand (5,000) Verses from the Holy Bible. Every week I also remember all the verses. Morning time I remember about 1500 verses for praise, worship and prayer. (Including 100 Psalms). This practice helps me to grow strong in the Lord and also to help others for the glory of the Lord.    John 14:6 is my favorite verse; I preach this word to many unsaved people that they may find the peace in Jesus Christ because He is the Lord of all.  <br><br> <a href=""https://youtu.be/GWViryWWch4"">https://youtu.be/GWViryWWch4</a>",@sisaliceponnuswamyfastingp3414,2022-12-28T13:05:10Z,2022-12-28T13:05:10Z,3,"i am gali in the year  i lost all my hopes i became a thief  and club dancer at that time i heard about christ the lord spoke with me though the scripture   brbr john   i am the way the truth and the life no man cometh unto the father but by me brbr  i surrendered my life to lord jesus and confessed that he is the only lord and died for my sins to deliver me from all my sins karma when i totally surrendered my life to the lord he has delivered me from evil spirits which suffered me about  years i became a new person in christ    i love bible so much and started memorizing the scriptures   br brby the grace of god i have memorized five thousand  verses from the holy bible every week i also remember all the verses morning time i remember about  verses for praise worship and prayer including  psalms this practice helps me to grow strong in the lord and also to help others for the glory of the lord    john  is my favorite verse i preach this word to many unsaved people that they may find the peace in jesus christ because he is the lord of all  brbr a hrefhttpsyoutubegwvirywwchhttpsyoutubegwvirywwcha",0.14107744107744105,0.9664,0.9664,POSITIVE,0.9859916567802429
"It is nice. but sadly its only a machine, not real people singing.",@David-Alexander-German,2022-12-27T16:49:21Z,2022-12-27T16:49:21Z,1,it is nice but sadly its only a machine not real people singing,-6.938893903907228e-18,-0.4215,-0.4215,NEGATIVE,0.9968439340591431
"I am really sorry for this, but this is not a real choir. This is a computer.  I don&#39;t like it at all, it is not physical and has no real music essence and performance.",@user-mc6md1yc2h,2022-12-26T12:49:08Z,2022-12-26T12:49:08Z,0,i am really sorry for this but this is not a real choir this is a computer  i dont like it at all it is not physical and has no real music essence and performance,-0.175,-0.6967,-0.6967,NEGATIVE,0.9997827410697937
"- très joli, merci !",@alaing6463,2022-12-26T09:47:31Z,2022-12-26T09:47:31Z,4,trs joli merci,0.0,0.0,0.0,POSITIVE,0.6573600769042969
The voices are so rich and what a wondrous blend of harmony!,@georgesims4372,2022-12-26T07:33:35Z,2022-12-26T07:33:35Z,34,the voices are so rich and what a wondrous blend of harmony,0.375,0.8083,0.8083,POSITIVE,0.9998668432235718
"What beautiful Christmas music as we are celebrating the birth of Jesus Christ our Lord and Savior who came into this world, the perfect gift of God to mankind, giving eternal life to those who believe on Him, repent and ask for forgiveness of their sins. Glory, Honor and Praise be to Him forever and ever, Amen! <br>Wishing everyone a BLESSED CHRISTMAS and PEACE ON EARTH ❤️❤️❤️",@gj9736,2022-12-26T04:16:24Z,2022-12-26T04:24:31Z,10,what beautiful christmas music as we are celebrating the birth of jesus christ our lord and savior who came into this world the perfect gift of god to mankind giving eternal life to those who believe on him repent and ask for forgiveness of their sins glory honor and praise be to him forever and ever amen brwishing everyone a blessed christmas and peace on earth,0.925,0.9877,0.9877,POSITIVE,0.9998334646224976
"Very, very good. So beautiful,  so wonderful. Thank you.",@zuzannawisniewska4464,2022-12-25T15:31:28Z,2022-12-25T15:31:28Z,3,very very good so beautiful  so wonderful thank you,0.9199999999999999,0.9561,0.9561,POSITIVE,0.9998736381530762
Me too just 72 but agree with you,@jurajlenda,2022-12-25T14:32:20Z,2022-12-25T14:32:20Z,0,me too just  but agree with you,0.0,0.5023,0.5023,POSITIVE,0.9997519850730896
"Thank YOU for these wonderful play list. Remembering old days my late father was song leader so did his 2 other sisters. I always accompanied him as eldest of 9 and when my siblings were grown up always with Mom &amp; Dad attending church. X&#39;mas and Sunday&#39;s service were always a joy, bit sad missing those occasions with them.<br>Merry Christmas everyone in this global world. Jesus loves YOU all🌲🥰",@ericatupamahu4660,2022-12-25T14:22:00Z,2022-12-25T14:22:00Z,14,thank you for these wonderful play list remembering old days my late father was song leader so did his  other sisters i always accompanied him as eldest of  and when my siblings were grown up always with mom amp dad attending church xmas and sundays service were always a joy bit sad missing those occasions with thembrmerry christmas everyone in this global world jesus loves you all,0.09687500000000002,0.8957,0.8957,POSITIVE,0.9982665181159973
So beautiful! Thank you and blessed Christmas to you.,@shcheah2002,2022-12-25T14:14:58Z,2022-12-25T14:14:58Z,13,so beautiful thank you and blessed christmas to you,0.85,0.8973,0.8973,POSITIVE,0.9998681545257568
"A beautiful set of carols that take me back to my childhood, but we also sing them now, because the tradition must be preserved.",@zuzannawisniewska4464,2022-12-25T13:09:09Z,2022-12-25T13:09:09Z,49,a beautiful set of carols that take me back to my childhood but we also sing them now because the tradition must be preserved,0.425,0.3506,0.3506,POSITIVE,0.999427080154419
Absolutely gorgeous 💖🌟☃️🎄🇨🇦,@shelleylund612,2022-12-25T08:50:58Z,2022-12-25T08:50:58Z,12,absolutely gorgeous,0.7,0.6478,0.6478,POSITIVE,0.999879002571106
✨💛✨Beautiful!✨🎶✨🕊✨ 🎶✨🎶,@luvit8124,2022-12-25T07:27:27Z,2022-12-25T07:27:27Z,3,beautiful,0.85,0.5994,0.5994,POSITIVE,0.9998807907104492
This is beautiful no matter the language. I try to remember the words and the music tells me what they are singing. Lovely😊,@lindacnickerson5863,2022-12-25T06:19:47Z,2022-12-25T06:19:47Z,18,this is beautiful no matter the language i try to remember the words and the music tells me what they are singing lovely,0.675,0.765,0.8237,POSITIVE,0.9998641014099121
"This is not real. This &quot;music&quot; is not made by real people, BUT rather machines/AI.<br>It is computer generated.....sadly.<br>This genre of&quot;music&quot; has become rather deceptive.....as it is not real &quot;singers&quot; nor &quot;musicians&quot;.<br>Listen to any given track from this channel......it ALL sounds the same.<br>I liken it to &quot;CGI in the form of sound&quot;, not visual.",@FordSeniorMaster,2022-12-25T06:14:18Z,2022-12-25T06:14:18Z,1,this is not real this quotmusicquot is not made by real people but rather machinesaibrit is computer generatedsadlybrthis genre ofquotmusicquot has become rather deceptiveas it is not real quotsingersquot nor quotmusiciansquotbrlisten to any given track from this channelit all sounds the samebri liken it to quotcgi in the form of soundquot not visual,0.0,0.0,0.0,NEGATIVE,0.9981955885887146
BBN-Un oasis en el desierto Que el  que no naciere  de nuevo no puede ver el reino de Dios Juana 3-3,@TRACTS4JESUS,2022-12-24T21:40:18Z,2022-12-24T21:40:18Z,1,bbnun oasis en el desierto que el  que no naciere  de nuevo no puede ver el reino de dios juana,0.0,-0.5267,-0.5267,NEGATIVE,0.9556220173835754
Love listening to this choir singing. What language are they singing in?,@leonamartin3466,2022-12-24T21:04:51Z,2022-12-24T21:04:51Z,4,love listening to this choir singing what language are they singing in,0.5,0.6369,0.6369,POSITIVE,0.9994792342185974
I am 93 years old and still enjoying alone.,@user-hh9lf8rw3l,2022-12-24T15:46:37Z,2022-12-24T15:46:37Z,301,i am  years old and still enjoying alone,0.3,0.34,0.34,POSITIVE,0.999670147895813
Красно дякую!,@9boh6dan3,2022-12-24T14:17:52Z,2022-12-24T14:17:52Z,5,,0.0,0.0,0.0,POSITIVE,0.7481208443641663
"Lindas músicas, um misto de paz , harmonia e gratidão.",@socorrodasilva4372,2022-12-24T13:24:41Z,2022-12-24T13:24:41Z,10,lindas msicas um misto de paz  harmonia e gratido,0.0,0.0,0.0,NEGATIVE,0.9840774536132812
Lindíssimo! Nos contata com as Hostes Celestiais! Feliz Natal 🎁🎄 ❤,@claudiabenini9144,2022-12-24T12:04:13Z,2022-12-24T12:04:13Z,7,lindssimo nos contata com as hostes celestiais feliz natal,0.0,0.0,0.0,NEGATIVE,0.9639012217521667
thank for singing such wonderful music .may all be blessed who hear this. praise GODs  holy name ! joy is for us all to have! amen!,@deborahautry8922,2022-12-24T09:45:52Z,2022-12-24T09:45:52Z,17,thank for singing such wonderful music may all be blessed who hear this praise gods  holy name  joy is for us all to have amen,0.6,0.9593,0.9593,POSITIVE,0.9998412132263184
This music is the kind of music that makes me,@Stacyohama,2022-12-24T00:37:54Z,2022-12-24T00:37:54Z,4,this music is the kind of music that makes me,0.6,0.0,0.0,POSITIVE,0.999763548374176
"Silent Night - transcends all languages and cultures and was able to stop war in 1914 on Christmas Eve as soldiers singing from both sides came together to exchange peace and glad tidings if only temporarily. When men who are ordered to fight and kill, come together like that they see humanity and long for peace...and the Commanders know it. Soldiers long for the peace and love brought to the world by a little babe 2000 years ago who was born in a manger at midnight in Bethlehem in piercing cold. Peace on earth, good will t&#39;ward men. God bless.",@user-mq9co4tl1w,2022-12-23T17:54:27Z,2022-12-23T17:54:27Z,49,silent night  transcends all languages and cultures and was able to stop war in  on christmas eve as soldiers singing from both sides came together to exchange peace and glad tidings if only temporarily when men who are ordered to fight and kill come together like that they see humanity and long for peaceand the commanders know it soldiers long for the peace and love brought to the world by a little babe  years ago who was born in a manger at midnight in bethlehem in piercing cold peace on earth good will tward men god bless,0.13125,0.9274,0.9274,POSITIVE,0.9993317723274231
"thank you!!!! I am 73 years old and all this beautiful music takes me back to mi childhood. I pray for the future geneerations to understand and love this music and continue teaching their children the best season of all, when the Lord came to us because he still has faith in humanity. thank you from Guatemala/Honduras.",@martainesarellanodonaire8211,2022-12-23T16:33:57Z,2022-12-23T16:33:57Z,131,thank you i am  years old and all this beautiful music takes me back to mi childhood i pray for the future geneerations to understand and love this music and continue teaching their children the best season of all when the lord came to us because he still has faith in humanity thank you from guatemalahonduras,0.4083333333333334,0.9723,0.9723,POSITIVE,0.9998452663421631
Sangat menenangkan hati dan jiwa. Bagaikan suara Malaikat dari Surga. Selamat Natal saudara saudaraku semua.,@widodosoepangkat1805,2022-12-23T14:28:12Z,2022-12-23T14:28:12Z,9,sangat menenangkan hati dan jiwa bagaikan suara malaikat dari surga selamat natal saudara saudaraku semua,0.0,0.0,0.0,NEGATIVE,0.9868218898773193
Beautiful music and you can sing along in English or your own vernacular!,@cheriemorris-tafatu1300,2022-12-23T11:28:54Z,2022-12-23T11:28:54Z,12,beautiful music and you can sing along in english or your own vernacular,0.48333333333333334,0.5994,0.5994,POSITIVE,0.9998667240142822
Рождество снова пришло. С Рождеством тебя и твоих близких,@RelaxMusictv2023,2022-12-23T10:14:41Z,2022-12-23T10:14:41Z,7,,0.0,0.0,0.0,POSITIVE,0.7481208443641663
magnifique,@cathyedel6555,2022-12-23T04:25:12Z,2022-12-23T04:25:12Z,11,magnifique,0.0,0.0,0.0,POSITIVE,0.950714647769928
😇🙇‍♀️🙇‍♂️🙏🙏🌲🌹🍀🌹🌲🌹🤗 Amazing Merry<br>Christmas 2022,@ntm6855,2022-12-23T02:49:02Z,2022-12-23T02:51:12Z,7,amazing merrybrchristmas,0.6000000000000001,0.5859,0.5859,POSITIVE,0.999748170375824
Cant sing with it. Not English.,@MsFred58,2022-12-22T22:37:22Z,2022-12-22T22:37:22Z,3,cant sing with it not english,0.0,0.0,0.0,NEGATIVE,0.9928291440010071
Beautiful!,@wiwarb,2022-12-22T21:39:02Z,2022-12-22T21:39:02Z,20,beautiful,0.85,0.5994,0.5994,POSITIVE,0.9998807907104492
very very god,@marie-paulross,2022-12-22T01:41:27Z,2022-12-22T01:41:27Z,6,very very god,0.26,0.3962,0.3962,POSITIVE,0.9944032430648804
"We just posted another Christmas Choir Video here: <a href=""https://youtu.be/n5rWsy6bWuI"">https://youtu.be/n5rWsy6bWuI</a><br>What is your favorite song in the video?",@AmbientMusicParadise,2022-12-20T04:03:42Z,2022-12-20T04:03:42Z,20,we just posted another christmas choir video here a hrefhttpsyoutubenrwsybwuihttpsyoutubenrwsybwuiabrwhat is your favorite song in the video,0.5,0.4588,0.4588,NEGATIVE,0.9892597198486328
Beautiful music but I don&#39;t recognize the language it&#39;s being sung in,@cherylroeben8353,2022-12-20T03:27:56Z,2022-12-20T03:27:56Z,14,beautiful music but i dont recognize the language its being sung in,0.85,0.3506,0.3506,POSITIVE,0.5252352356910706
聖誕快樂，主降臨，願世界和平❤️,@user-jf8sv6dc9t,2022-12-19T16:44:31Z,2022-12-19T16:44:31Z,9,,0.0,0.0,0.0,POSITIVE,0.7481208443641663
"It really is very soulful Christmas music. This music awakens the eternal child that we hold within us and thus, we become children again, sweetly nostalgic for the distant past.",@ArchonAlternative,2022-12-18T15:26:09Z,2022-12-18T15:26:09Z,53,it really is very soulful christmas music this music awakens the eternal child that we hold within us and thus we become children again sweetly nostalgic for the distant past,-0.1625,0.4767,0.4767,POSITIVE,0.9998112320899963
