Comment,Author,Published At,Updated At,Like Count,Cleaned_Tweet,POS_Tags
"Thanks for Sharing and Subscribing. 🙏Enjoy more Ambient Choir Music in this Playlist:<br><a href=""https://www.youtube.com/playlist?list=PLVWtd6TAbjUAybhgZyl13qOncmETIVijt"">https://www.youtube.com/playlist?list=PLVWtd6TAbjUAybhgZyl13qOncmETIVijt</a>",@AmbientMusicParadise,2023-01-29T13:39:49Z,2023-01-29T13:39:49Z,39,Thanks for Sharing and Subscribing Enjoy more Ambient Choir Music in this Playlistbra href,"[('Thanks', 'NNS'), ('for', 'IN'), ('Sharing', 'VBG'), ('and', 'CC'), ('Subscribing', 'VBG'), ('Enjoy', 'NNP'), ('more', 'RBR'), ('Ambient', 'NNP'), ('Choir', 'NNP'), ('Music', 'NNP'), ('in', 'IN'), ('this', 'DT'), ('Playlistbra', 'NNP'), ('href', 'NN')]"
🇺🇸❤️❤️❤️❤️❤️❤️❤️❤️❤️❤️❤️❤️❤️❤️😴 makes me sleepy easily,@catherineramos8371,2024-01-10T06:20:39Z,2024-01-10T06:20:39Z,0,makes me sleepy easily,"[('makes', 'VBZ'), ('me', 'PRP'), ('sleepy', 'JJ'), ('easily', 'RB')]"
"I was listening to the Abby Choir &#39;Little Drummer boy&#39; , then this popped up.. Im so happy it did!!!  Merry CHRISTmas , Happy New Yr!!!!",@antifatbastard,2024-01-01T05:32:14Z,2024-01-01T05:32:14Z,1,I was listening to the Abby Choir Little Drummer boy then this popped up Im so happy it did Merry CHRISTmas Happy New Yr,"[('I', 'PRP'), ('was', 'VBD'), ('listening', 'VBG'), ('to', 'TO'), ('the', 'DT'), ('Abby', 'NNP'), ('Choir', 'NNP'), ('Little', 'NNP'), ('Drummer', 'NNP'), ('boy', 'NN'), ('then', 'RB'), ('this', 'DT'), ('popped', 'VBD'), ('up', 'RP'), ('Im', 'NNP'), ('so', 'RB'), ('happy', 'JJ'), ('it', 'PRP'), ('did', 'VBD'), ('Merry', 'NNP'), ('CHRISTmas', 'NNP'), ('Happy', 'NNP'), ('New', 'NNP'), ('Yr', 'NNP')]"
what a magic music,@sohailasohaila129,2023-12-31T22:56:18Z,2023-12-31T22:56:18Z,1,what a magic music,"[('what', 'WP'), ('a', 'DT'), ('magic', 'JJ'), ('music', 'NN')]"
"Listening at about <a href=""https://www.youtube.com/watch?v=mN6WesqrhcA&amp;t=48m50s"">48:50</a> and wondering what language the choir is singing in",@christielyons5079,2023-12-31T21:46:17Z,2023-12-31T21:46:17Z,1,Listening at about a href and wondering what language the choir is singing in,"[('Listening', 'VBG'), ('at', 'IN'), ('about', 'IN'), ('a', 'DT'), ('href', 'NN'), ('and', 'CC'), ('wondering', 'VBG'), ('what', 'WP'), ('language', 'NN'), ('the', 'DT'), ('choir', 'NN'), ('is', 'VBZ'), ('singing', 'VBG'), ('in', 'IN')]"
"I would have liked it better with words. Some of the music sounded like German. As a choir member, I love these traditional songs and I like to sing along. That wasn&#39;t possible.",@bonnie9511,2023-12-31T17:33:45Z,2023-12-31T17:33:45Z,1,I would have liked it better with words Some of the music sounded like German As a choir member I love these traditional songs and I like to sing along That wasnt possible,"[('I', 'PRP'), ('would', 'MD'), ('have', 'VB'), ('liked', 'VBN'), ('it', 'PRP'), ('better', 'RBR'), ('with', 'IN'), ('words', 'NNS'), ('Some', 'DT'), ('of', 'IN'), ('the', 'DT'), ('music', 'NN'), ('sounded', 'VBD'), ('like', 'JJ'), ('German', 'NNP'), ('As', 'IN'), ('a', 'DT'), ('choir', 'JJ'), ('member', 'NN'), ('I', 'PRP'), ('love', 'VBP'), ('these', 'DT'), ('traditional', 'JJ'), ('songs', 'NNS'), ('and', 'CC'), ('I', 'PRP'), ('like', 'VBP'), ('to', 'TO'), ('sing', 'VB'), ('along', 'RP'), ('That', 'DT'), ('wasnt', 'NN'), ('possible', 'JJ')]"
"Why does the list not go further than the first 40 minutes? It becomes a sort quiz, not nice for ESL people",@albertvanv,2023-12-31T00:09:57Z,2023-12-31T00:09:57Z,0,Why does the list not go further than the first minutes It becomes a sort quiz not nice for ESL people,"[('Why', 'WRB'), ('does', 'VBZ'), ('the', 'DT'), ('list', 'NN'), ('not', 'RB'), ('go', 'VB'), ('further', 'RBR'), ('than', 'IN'), ('the', 'DT'), ('first', 'JJ'), ('minutes', 'NNS'), ('It', 'PRP'), ('becomes', 'VBZ'), ('a', 'DT'), ('sort', 'NN'), ('quiz', 'NN'), ('not', 'RB'), ('nice', 'JJ'), ('for', 'IN'), ('ESL', 'NNP'), ('people', 'NNS')]"
Impossible to outgrow this.  Thanks from Ireland. Nollaig Shona go léir.,@duibheasaoreilly167,2023-12-30T21:52:34Z,2023-12-30T21:52:34Z,1,Impossible to outgrow this Thanks from Ireland Nollaig Shona go lir,"[('Impossible', 'JJ'), ('to', 'TO'), ('outgrow', 'VB'), ('this', 'DT'), ('Thanks', 'NNS'), ('from', 'IN'), ('Ireland', 'NNP'), ('Nollaig', 'NNP'), ('Shona', 'NNP'), ('go', 'VBP'), ('lir', 'NN')]"
Soo beautiful.,@MsSouthard1,2023-12-30T18:20:47Z,2023-12-30T18:20:47Z,1,Soo beautiful,"[('Soo', 'NNP'), ('beautiful', 'NN')]"
Great to listen to throughout the 12 days of Christmas  beginning after Midnight Mass on December 25th. <br>Dominus tecum!,@mottledbrain,2023-12-29T02:35:16Z,2023-12-29T02:35:16Z,2,Great to listen to throughout the days of Christmas beginning after Midnight Mass on December th brDominus tecum,"[('Great', 'NNP'), ('to', 'TO'), ('listen', 'VB'), ('to', 'TO'), ('throughout', 'IN'), ('the', 'DT'), ('days', 'NNS'), ('of', 'IN'), ('Christmas', 'NNP'), ('beginning', 'VBG'), ('after', 'IN'), ('Midnight', 'NNP'), ('Mass', 'NNP'), ('on', 'IN'), ('December', 'NNP'), ('th', 'NN'), ('brDominus', 'NN'), ('tecum', 'NN')]"
I never knew there was so much foot work involved 🤯👍🏽,@01dimster,2023-12-28T22:35:25Z,2023-12-28T22:35:25Z,0,I never knew there was so much foot work involved,"[('I', 'PRP'), ('never', 'RB'), ('knew', 'VBD'), ('there', 'EX'), ('was', 'VBD'), ('so', 'RB'), ('much', 'JJ'), ('foot', 'NN'), ('work', 'NN'), ('involved', 'VBN')]"
Praise to our God of hope in Christ Jesus our Lord of Lord&#39;s! Thank You for blessing so many with this wonderful music and vocals!,@sanfordhelmuth8600,2023-12-28T13:06:17Z,2023-12-28T13:06:17Z,1,Praise to our God of hope in Christ Jesus our Lord of Lords Thank You for blessing so many with this wonderful music and vocals,"[('Praise', 'NN'), ('to', 'TO'), ('our', 'PRP$'), ('God', 'NNP'), ('of', 'IN'), ('hope', 'NN'), ('in', 'IN'), ('Christ', 'NNP'), ('Jesus', 'NNP'), ('our', 'PRP$'), ('Lord', 'NNP'), ('of', 'IN'), ('Lords', 'NNP'), ('Thank', 'NNP'), ('You', 'PRP'), ('for', 'IN'), ('blessing', 'VBG'), ('so', 'RB'), ('many', 'JJ'), ('with', 'IN'), ('this', 'DT'), ('wonderful', 'JJ'), ('music', 'NN'), ('and', 'CC'), ('vocals', 'NNS')]"
There are no crosses on any of the churches. 😳,@BenjaminIstvanCseko,2023-12-28T09:44:23Z,2023-12-28T09:44:23Z,0,There are no crosses on any of the churches,"[('There', 'EX'), ('are', 'VBP'), ('no', 'DT'), ('crosses', 'NNS'), ('on', 'IN'), ('any', 'DT'), ('of', 'IN'), ('the', 'DT'), ('churches', 'NNS')]"
"Sung by the ChatGTP choir? AI is taking over everything, even christmas carols....sounds nice as background music though.",@charleshultquist9233,2023-12-27T17:17:17Z,2023-12-27T17:17:17Z,0,Sung by the ChatGTP choir AI is taking over everything even christmas carolssounds nice as background music though,"[('Sung', 'NN'), ('by', 'IN'), ('the', 'DT'), ('ChatGTP', 'NNP'), ('choir', 'NN'), ('AI', 'NNP'), ('is', 'VBZ'), ('taking', 'VBG'), ('over', 'RP'), ('everything', 'NN'), ('even', 'RB'), ('christmas', 'VB'), ('carolssounds', 'NNS'), ('nice', 'JJ'), ('as', 'IN'), ('background', 'NN'), ('music', 'NN'), ('though', 'IN')]"
Half to two thirds we would wit b ge ab he wit th ac ev yo welco si,@debrakatrena9767,2023-12-27T17:12:15Z,2023-12-27T17:12:15Z,0,Half to two thirds we would wit b ge ab he wit th ac ev yo welco si,"[('Half', 'NN'), ('to', 'TO'), ('two', 'CD'), ('thirds', 'NNS'), ('we', 'PRP'), ('would', 'MD'), ('wit', 'VB'), ('b', 'NN'), ('ge', 'NN'), ('ab', 'NN'), ('he', 'PRP'), ('wit', 'VBZ'), ('th', 'JJ'), ('ac', 'NN'), ('ev', 'NN'), ('yo', 'NN'), ('welco', 'NN'), ('si', 'NN')]"
Nie można piękniej wielbić Narodzin Naszego Pana.,@zbigniewmilewicz8007,2023-12-26T15:25:44Z,2023-12-26T15:25:44Z,2,Nie mona pikniej wielbi Narodzin Naszego Pana,"[('Nie', 'NNP'), ('mona', 'NN'), ('pikniej', 'NN'), ('wielbi', 'NN'), ('Narodzin', 'NNP'), ('Naszego', 'NNP'), ('Pana', 'NNP')]"
"Beautiful music!!! The pro Israel ad I could have done without but, hey! It’s Yule, good will toward everyone",@BenjaminHasko,2023-12-26T02:53:36Z,2023-12-26T02:53:36Z,0,Beautiful music The pro Israel ad I could have done without but hey Its Yule good will toward everyone,"[('Beautiful', 'JJ'), ('music', 'NN'), ('The', 'DT'), ('pro', 'JJ'), ('Israel', 'NNP'), ('ad', 'NN'), ('I', 'PRP'), ('could', 'MD'), ('have', 'VB'), ('done', 'VBN'), ('without', 'IN'), ('but', 'CC'), ('hey', 'VBD'), ('Its', 'PRP$'), ('Yule', 'NNP'), ('good', 'NN'), ('will', 'MD'), ('toward', 'IN'), ('everyone', 'NN')]"
I am 80,@michaelhemkendreis432,2023-12-26T01:16:14Z,2023-12-26T01:16:14Z,0,I am,"[('I', 'PRP'), ('am', 'VBP')]"
Bas sig mas,@debrakatrena9767,2023-12-25T22:36:51Z,2023-12-25T22:36:51Z,0,Bas sig mas,"[('Bas', 'NNP'), ('sig', 'NN'), ('mas', 'NN')]"
MAs a1,@debrakatrena9767,2023-12-25T22:33:48Z,2023-12-25T22:33:48Z,0,MAs a,"[('MAs', 'NNP'), ('a', 'DT')]"
THANK YOU!!!!!!!!!!!!!!,@user-kl4hd2rz1l,2023-12-25T22:20:08Z,2023-12-25T22:20:08Z,2,THANK YOU,"[('THANK', 'NN'), ('YOU', 'NN')]"
"Fabulous (and interesting) arrangement of this lovely carol! Sam never disappoints! Thank you, Sam, and Merry Christmas!",@gaylesuggs8523,2023-12-25T17:02:15Z,2023-12-25T17:02:15Z,2,Fabulous and interesting arrangement of this lovely carol Sam never disappoints Thank you Sam and Merry Christmas,"[('Fabulous', 'JJ'), ('and', 'CC'), ('interesting', 'JJ'), ('arrangement', 'NN'), ('of', 'IN'), ('this', 'DT'), ('lovely', 'JJ'), ('carol', 'NN'), ('Sam', 'NNP'), ('never', 'RB'), ('disappoints', 'VBZ'), ('Thank', 'NNP'), ('you', 'PRP'), ('Sam', 'NNP'), ('and', 'CC'), ('Merry', 'NNP'), ('Christmas', 'NNP')]"
Lpve christmas music but what language is it?,@julianjohns2626,2023-12-25T06:04:24Z,2023-12-25T06:04:24Z,1,Lpve christmas music but what language is it,"[('Lpve', 'NNP'), ('christmas', 'NN'), ('music', 'NN'), ('but', 'CC'), ('what', 'WP'), ('language', 'NN'), ('is', 'VBZ'), ('it', 'PRP')]"
Praise The Lord The Savior has been born Merry Christmas,@Slav_0282,2023-12-24T17:15:54Z,2023-12-24T17:15:54Z,2,Praise The Lord The Savior has been born Merry Christmas,"[('Praise', 'VB'), ('The', 'DT'), ('Lord', 'NNP'), ('The', 'DT'), ('Savior', 'NNP'), ('has', 'VBZ'), ('been', 'VBN'), ('born', 'VBN'), ('Merry', 'NNP'), ('Christmas', 'NNP')]"
prachtige en rustgevende muziek heerlijk om naar te luisteren MIJN  dank oprecht<br><br>GERARD JOCHES TENOR,@gerardjochems3511,2023-12-24T16:05:42Z,2023-12-24T16:05:42Z,0,prachtige en rustgevende muziek heerlijk om naar te luisteren MIJN dank oprechtbrbrGERARD JOCHES TENOR,"[('prachtige', 'NN'), ('en', 'FW'), ('rustgevende', 'NN'), ('muziek', 'NN'), ('heerlijk', 'NN'), ('om', 'NN'), ('naar', 'JJ'), ('te', 'NN'), ('luisteren', 'NNS'), ('MIJN', 'NNP'), ('dank', 'VBD'), ('oprechtbrbrGERARD', 'JJ'), ('JOCHES', 'NNP'), ('TENOR', 'NNP')]"
Ευχαριστούμε!,@annaplessa9261,2023-12-24T03:45:54Z,2023-12-24T03:45:54Z,2,,[]
"Thank you, you made my Christmas atmosphere perfect!",@danolson6476,2023-12-23T18:52:11Z,2023-12-23T18:52:11Z,3,Thank you you made my Christmas atmosphere perfect,"[('Thank', 'NNP'), ('you', 'PRP'), ('you', 'PRP'), ('made', 'VBD'), ('my', 'PRP$'), ('Christmas', 'NNP'), ('atmosphere', 'NN'), ('perfect', 'NN')]"
Love all of these songs. Merry Christmas to all. ❤,@user-er9ws3st6d,2023-12-23T07:34:35Z,2023-12-23T07:34:35Z,3,Love all of these songs Merry Christmas to all,"[('Love', 'NNP'), ('all', 'DT'), ('of', 'IN'), ('these', 'DT'), ('songs', 'NNS'), ('Merry', 'NNP'), ('Christmas', 'NNP'), ('to', 'TO'), ('all', 'DT')]"
I love this classical sound!<br>The choir has beautiful singing! I’m sharing will all my Christian friends.✝️,@corneliacarden4344,2023-12-22T19:04:13Z,2023-12-22T19:04:13Z,4,I love this classical soundbrThe choir has beautiful singing Im sharing will all my Christian friends,"[('I', 'PRP'), ('love', 'VBP'), ('this', 'DT'), ('classical', 'JJ'), ('soundbrThe', 'NN'), ('choir', 'NN'), ('has', 'VBZ'), ('beautiful', 'JJ'), ('singing', 'VBG'), ('Im', 'NNP'), ('sharing', 'NN'), ('will', 'MD'), ('all', 'VB'), ('my', 'PRP$'), ('Christian', 'JJ'), ('friends', 'NNS')]"
Thank you.,@paulzsoka9037,2023-12-22T07:33:11Z,2023-12-22T07:33:11Z,2,Thank you,"[('Thank', 'NN'), ('you', 'PRP')]"
"Praying for all those who, like me, are alone, no family left. May Christ be near.<br>🙏🙏🙏",@laj2240,2023-12-21T16:44:48Z,2023-12-21T16:44:48Z,10,Praying for all those who like me are alone no family left May Christ be nearbr,"[('Praying', 'VBG'), ('for', 'IN'), ('all', 'PDT'), ('those', 'DT'), ('who', 'WP'), ('like', 'IN'), ('me', 'PRP'), ('are', 'VBP'), ('alone', 'RB'), ('no', 'DT'), ('family', 'NN'), ('left', 'VBD'), ('May', 'NNP'), ('Christ', 'NNP'), ('be', 'VB'), ('nearbr', 'JJ')]"
"Feels like Angels singing healing to us 😊<br>Praying for all of my brethren in Christ 🙏💙<br>And thank you for making this, all who were involved! 💛",@rebeccaclements2404,2023-12-21T05:35:15Z,2023-12-21T05:35:15Z,6,Feels like Angels singing healing to us brPraying for all of my brethren in Christ brAnd thank you for making this all who were involved,"[('Feels', 'NNS'), ('like', 'IN'), ('Angels', 'NNP'), ('singing', 'VBG'), ('healing', 'VBG'), ('to', 'TO'), ('us', 'PRP'), ('brPraying', 'VBG'), ('for', 'IN'), ('all', 'DT'), ('of', 'IN'), ('my', 'PRP$'), ('brethren', 'NNS'), ('in', 'IN'), ('Christ', 'NNP'), ('brAnd', 'NN'), ('thank', 'NN'), ('you', 'PRP'), ('for', 'IN'), ('making', 'VBG'), ('this', 'DT'), ('all', 'DT'), ('who', 'WP'), ('were', 'VBD'), ('involved', 'VBN')]"
God bless everyone this Season 🙏  RIP James Pierce ❤😢  I wished we could have spoken to each other one last time💔 prayers for your family❤🙏 ❤,@user-xr6em4ld9n,2023-12-20T21:06:23Z,2023-12-20T21:06:23Z,1,God bless everyone this Season RIP James Pierce I wished we could have spoken to each other one last time prayers for your family,"[('God', 'NNP'), ('bless', 'NN'), ('everyone', 'NN'), ('this', 'DT'), ('Season', 'NNP'), ('RIP', 'NNP'), ('James', 'NNP'), ('Pierce', 'NNP'), ('I', 'PRP'), ('wished', 'VBD'), ('we', 'PRP'), ('could', 'MD'), ('have', 'VB'), ('spoken', 'VBN'), ('to', 'TO'), ('each', 'DT'), ('other', 'JJ'), ('one', 'CD'), ('last', 'JJ'), ('time', 'NN'), ('prayers', 'NNS'), ('for', 'IN'), ('your', 'PRP$'), ('family', 'NN')]"
May God continue to bless and keep you! 😊👏🎁🎵🎶🎤,@maryrhodes9447,2023-12-20T17:32:02Z,2023-12-20T17:32:02Z,9,May God continue to bless and keep you,"[('May', 'NNP'), ('God', 'NNP'), ('continue', 'VBP'), ('to', 'TO'), ('bless', 'VB'), ('and', 'CC'), ('keep', 'VB'), ('you', 'PRP')]"
"Christmas🎉music brings the memory of Christ,s birth bringing joy and salvation to the world.<br>May the joy and peace of Christmas fill you and your entire house and the entire universe.<br>Emmanuel! Christ is with us",@OsendaBernard,2023-12-19T12:58:25Z,2023-12-19T12:58:25Z,1,Christmasmusic brings the memory of Christs birth bringing joy and salvation to the worldbrMay the joy and peace of Christmas fill you and your entire house and the entire universebrEmmanuel Christ is with us,"[('Christmasmusic', 'JJ'), ('brings', 'VBZ'), ('the', 'DT'), ('memory', 'NN'), ('of', 'IN'), ('Christs', 'NNP'), ('birth', 'NN'), ('bringing', 'VBG'), ('joy', 'NN'), ('and', 'CC'), ('salvation', 'NN'), ('to', 'TO'), ('the', 'DT'), ('worldbrMay', 'NN'), ('the', 'DT'), ('joy', 'NN'), ('and', 'CC'), ('peace', 'NN'), ('of', 'IN'), ('Christmas', 'NNP'), ('fill', 'NN'), ('you', 'PRP'), ('and', 'CC'), ('your', 'PRP$'), ('entire', 'JJ'), ('house', 'NN'), ('and', 'CC'), ('the', 'DT'), ('entire', 'JJ'), ('universebrEmmanuel', 'JJ'), ('Christ', 'NN'), ('is', 'VBZ'), ('with', 'IN'), ('us', 'PRP')]"
Beautiful music. No words to describe the joy within me!,@AngelaVel-ve9vz,2023-12-17T23:22:11Z,2023-12-17T23:22:11Z,2,Beautiful music No words to describe the joy within me,"[('Beautiful', 'NNP'), ('music', 'NN'), ('No', 'NNP'), ('words', 'NNS'), ('to', 'TO'), ('describe', 'VB'), ('the', 'DT'), ('joy', 'NN'), ('within', 'IN'), ('me', 'PRP')]"
Beautiful Christmas muziek and a beautiful song and background LG Elisabeth and Joep...👼👼🎅🤶🧑‍🎄,@ElisabethKlaassen,2023-12-17T11:44:01Z,2023-12-17T11:44:01Z,1,Beautiful Christmas muziek and a beautiful song and background LG Elisabeth and Joep,"[('Beautiful', 'NNP'), ('Christmas', 'NNP'), ('muziek', 'NN'), ('and', 'CC'), ('a', 'DT'), ('beautiful', 'NN'), ('song', 'NN'), ('and', 'CC'), ('background', 'NN'), ('LG', 'NNP'), ('Elisabeth', 'NNP'), ('and', 'CC'), ('Joep', 'NNP')]"
No se oye lo que cantan,@Alternivma,2023-12-16T19:28:22Z,2023-12-16T19:28:22Z,0,No se oye lo que cantan,"[('No', 'DT'), ('se', 'NN'), ('oye', 'RB'), ('lo', 'JJ'), ('que', 'NN'), ('cantan', 'NN')]"
"awful, like they don&#39;t know the lyrics at all... 3 hours for 10 songs??",@cathywilson3551,2023-12-16T18:00:33Z,2023-12-16T18:00:33Z,0,awful like they dont know the lyrics at all hours for songs,"[('awful', 'NNS'), ('like', 'IN'), ('they', 'PRP'), ('dont', 'VBP'), ('know', 'VBP'), ('the', 'DT'), ('lyrics', 'NNS'), ('at', 'IN'), ('all', 'DT'), ('hours', 'NNS'), ('for', 'IN'), ('songs', 'NNS')]"
It&#39;s so touching musics for my deep heart and glorify the redeemer..,@OppoA-et7zg,2023-12-16T16:53:20Z,2023-12-16T18:36:25Z,1,Its so touching musics for my deep heart and glorify the redeemer,"[('Its', 'PRP$'), ('so', 'RB'), ('touching', 'JJ'), ('musics', 'NNS'), ('for', 'IN'), ('my', 'PRP$'), ('deep', 'JJ'), ('heart', 'NN'), ('and', 'CC'), ('glorify', 'VB'), ('the', 'DT'), ('redeemer', 'NN')]"
Is this a choir or a keyboard?,@hopefuldad,2023-12-16T10:01:10Z,2023-12-16T10:01:10Z,0,Is this a choir or a keyboard,"[('Is', 'VBZ'), ('this', 'DT'), ('a', 'DT'), ('choir', 'NN'), ('or', 'CC'), ('a', 'DT'), ('keyboard', 'NN')]"
I am 90years and loving these beautiful carols.,@MargotChristie-or4es,2023-12-15T22:40:09Z,2023-12-15T22:40:09Z,4,I am years and loving these beautiful carols,"[('I', 'PRP'), ('am', 'VBP'), ('years', 'NNS'), ('and', 'CC'), ('loving', 'VBG'), ('these', 'DT'), ('beautiful', 'JJ'), ('carols', 'NNS')]"
I really don’t mind if the choir is singing in a different language because most people know the music all over the world! Have a blessed Christmas and a happy new year to you all!,@ettaesch4050,2023-12-12T21:17:47Z,2023-12-12T21:17:47Z,9,I really dont mind if the choir is singing in a different language because most people know the music all over the world Have a blessed Christmas and a happy new year to you all,"[('I', 'PRP'), ('really', 'RB'), ('dont', 'VB'), ('mind', 'NN'), ('if', 'IN'), ('the', 'DT'), ('choir', 'NN'), ('is', 'VBZ'), ('singing', 'VBG'), ('in', 'IN'), ('a', 'DT'), ('different', 'JJ'), ('language', 'NN'), ('because', 'IN'), ('most', 'JJS'), ('people', 'NNS'), ('know', 'VBP'), ('the', 'DT'), ('music', 'NN'), ('all', 'DT'), ('over', 'IN'), ('the', 'DT'), ('world', 'NN'), ('Have', 'VBP'), ('a', 'DT'), ('blessed', 'VBN'), ('Christmas', 'NNP'), ('and', 'CC'), ('a', 'DT'), ('happy', 'JJ'), ('new', 'JJ'), ('year', 'NN'), ('to', 'TO'), ('you', 'PRP'), ('all', 'DT')]"
Thank you so much for this beautiful Christmas music. Really calming and graceful ❤,@lavernebryant7857,2023-12-12T15:52:43Z,2023-12-12T15:52:43Z,9,Thank you so much for this beautiful Christmas music Really calming and graceful,"[('Thank', 'NNP'), ('you', 'PRP'), ('so', 'RB'), ('much', 'RB'), ('for', 'IN'), ('this', 'DT'), ('beautiful', 'JJ'), ('Christmas', 'NNP'), ('music', 'NN'), ('Really', 'NNP'), ('calming', 'VBG'), ('and', 'CC'), ('graceful', 'JJ')]"
Sounds like angels,@maryburt8747,2023-12-12T01:40:33Z,2023-12-12T01:40:33Z,2,Sounds like angels,"[('Sounds', 'NNS'), ('like', 'IN'), ('angels', 'NNS')]"
thats What I&#39;m talking about!           <br><br>                         <b>Classic</b>,@clarkkent3730,2023-12-12T01:17:28Z,2023-12-12T01:17:28Z,1,thats What Im talking about brbr bClassicb,"[('thats', 'NNS'), ('What', 'WP'), ('Im', 'NNP'), ('talking', 'VBG'), ('about', 'IN'), ('brbr', 'NN'), ('bClassicb', 'NN')]"
This is so beautiful 😎🙏❤️,@theculturedbumpkin,2023-12-11T17:46:16Z,2023-12-11T17:46:16Z,6,This is so beautiful,"[('This', 'DT'), ('is', 'VBZ'), ('so', 'RB'), ('beautiful', 'JJ')]"
💚,@candyland4021,2023-12-09T20:35:50Z,2023-12-09T20:35:50Z,1,,[]
Thank you  our lady of Fatima.   We love you.   Let us all. Thank his mother.  Joanpennington.   Roe. 🌿🌲🌲🌿🏆🌿😊😊,@joanroe7770,2023-12-08T03:33:25Z,2023-12-08T03:33:25Z,1,Thank you our lady of Fatima We love you Let us all Thank his mother Joanpennington Roe,"[('Thank', 'NN'), ('you', 'PRP'), ('our', 'PRP$'), ('lady', 'NN'), ('of', 'IN'), ('Fatima', 'NNP'), ('We', 'PRP'), ('love', 'VBP'), ('you', 'PRP'), ('Let', 'VB'), ('us', 'PRP'), ('all', 'DT'), ('Thank', 'NNP'), ('his', 'PRP$'), ('mother', 'NN'), ('Joanpennington', 'NNP'), ('Roe', 'NNP')]"
I found this music.   When i. Really needed it.  Beautiful.    Our lady of medjGorie.   Pray for us.  🌲🌿🎄🏆🏆🏆🏆🏆🌿Joanpennington.  Roe.,@joanroe7770,2023-12-08T03:30:54Z,2023-12-08T03:30:54Z,1,I found this music When i Really needed it Beautiful Our lady of medjGorie Pray for us Joanpennington Roe,"[('I', 'PRP'), ('found', 'VBD'), ('this', 'DT'), ('music', 'NN'), ('When', 'WRB'), ('i', 'NN'), ('Really', 'RB'), ('needed', 'VBD'), ('it', 'PRP'), ('Beautiful', 'NNP'), ('Our', 'PRP$'), ('lady', 'NN'), ('of', 'IN'), ('medjGorie', 'NN'), ('Pray', 'NNP'), ('for', 'IN'), ('us', 'PRP'), ('Joanpennington', 'NNP'), ('Roe', 'NNP')]"
This glorious choir singing the Christmas carols of my youth causes me to cherish my Christian heritage. It is a deeply beautiful heritage...may we continue to honor it by remembering the Spirit of Christmas...the journey to the Holy City for the birth of the Light.,@anatille,2023-12-08T00:21:00Z,2023-12-08T00:24:07Z,10,This glorious choir singing the Christmas carols of my youth causes me to cherish my Christian heritage It is a deeply beautiful heritagemay we continue to honor it by remembering the Spirit of Christmasthe journey to the Holy City for the birth of the Light,"[('This', 'DT'), ('glorious', 'JJ'), ('choir', 'NN'), ('singing', 'VBG'), ('the', 'DT'), ('Christmas', 'NNP'), ('carols', 'NNS'), ('of', 'IN'), ('my', 'PRP$'), ('youth', 'NN'), ('causes', 'VBZ'), ('me', 'PRP'), ('to', 'TO'), ('cherish', 'VB'), ('my', 'PRP$'), ('Christian', 'JJ'), ('heritage', 'NN'), ('It', 'PRP'), ('is', 'VBZ'), ('a', 'DT'), ('deeply', 'RB'), ('beautiful', 'JJ'), ('heritagemay', 'NN'), ('we', 'PRP'), ('continue', 'VBP'), ('to', 'TO'), ('honor', 'VB'), ('it', 'PRP'), ('by', 'IN'), ('remembering', 'VBG'), ('the', 'DT'), ('Spirit', 'NNP'), ('of', 'IN'), ('Christmasthe', 'NNP'), ('journey', 'NN'), ('to', 'TO'), ('the', 'DT'), ('Holy', 'NNP'), ('City', 'NNP'), ('for', 'IN'), ('the', 'DT'), ('birth', 'NN'), ('of', 'IN'), ('the', 'DT'), ('Light', 'NNP')]"
"In the summer I was diagnosed with prostate cancer at 76, no cure. I wonder how long I have to enjoy this special time of year and the beautiful music.",@magnuswalker7957,2023-12-07T18:43:39Z,2023-12-07T18:43:39Z,7,In the summer I was diagnosed with prostate cancer at no cure I wonder how long I have to enjoy this special time of year and the beautiful music,"[('In', 'IN'), ('the', 'DT'), ('summer', 'NN'), ('I', 'PRP'), ('was', 'VBD'), ('diagnosed', 'VBN'), ('with', 'IN'), ('prostate', 'JJ'), ('cancer', 'NN'), ('at', 'IN'), ('no', 'DT'), ('cure', 'NN'), ('I', 'PRP'), ('wonder', 'VBP'), ('how', 'WRB'), ('long', 'JJ'), ('I', 'PRP'), ('have', 'VBP'), ('to', 'TO'), ('enjoy', 'VB'), ('this', 'DT'), ('special', 'JJ'), ('time', 'NN'), ('of', 'IN'), ('year', 'NN'), ('and', 'CC'), ('the', 'DT'), ('beautiful', 'JJ'), ('music', 'NN')]"
"So glad the internet brings quality to us peasants. Everyone in my real life is untalented, tone-deaf and shallow. Thank god for the internet.",@microsoft.microandsoft.for1923,2023-12-07T17:25:15Z,2023-12-07T17:25:15Z,1,So glad the internet brings quality to us peasants Everyone in my real life is untalented tonedeaf and shallow Thank god for the internet,"[('So', 'RB'), ('glad', 'JJ'), ('the', 'DT'), ('internet', 'NN'), ('brings', 'VBZ'), ('quality', 'NN'), ('to', 'TO'), ('us', 'PRP'), ('peasants', 'NNS'), ('Everyone', 'NN'), ('in', 'IN'), ('my', 'PRP$'), ('real', 'JJ'), ('life', 'NN'), ('is', 'VBZ'), ('untalented', 'JJ'), ('tonedeaf', 'NN'), ('and', 'CC'), ('shallow', 'JJ'), ('Thank', 'NNP'), ('god', 'NN'), ('for', 'IN'), ('the', 'DT'), ('internet', 'NN')]"
😊😊ES LA MUSICA PERFECTA DE TODA LA VIDA!! UN VERDADERO GOZO !!,@user-bb1cr2xk7e,2023-12-07T16:37:45Z,2023-12-07T16:37:45Z,1,ES LA MUSICA PERFECTA DE TODA LA VIDA UN VERDADERO GOZO,"[('ES', 'NNP'), ('LA', 'NNP'), ('MUSICA', 'NNP'), ('PERFECTA', 'NNP'), ('DE', 'NNP'), ('TODA', 'NNP'), ('LA', 'NNP'), ('VIDA', 'NNP'), ('UN', 'NNP'), ('VERDADERO', 'NNP'), ('GOZO', 'NNP')]"
Beautiful ❤🧚‍♀️🎄,@lisajayneskender9606,2023-12-07T05:02:36Z,2023-12-07T05:02:36Z,3,Beautiful,"[('Beautiful', 'JJ')]"
"I am 62 and not enjoy being alone, most of the time.",@user-ol6ig5sk5v,2023-12-05T21:37:00Z,2023-12-05T21:37:00Z,0,I am and not enjoy being alone most of the time,"[('I', 'PRP'), ('am', 'VBP'), ('and', 'CC'), ('not', 'RB'), ('enjoy', 'VB'), ('being', 'VBG'), ('alone', 'RB'), ('most', 'JJS'), ('of', 'IN'), ('the', 'DT'), ('time', 'NN')]"
God Bless Us Everyone!,@tommytam3208,2023-12-05T04:39:10Z,2023-12-05T04:39:10Z,3,God Bless Us Everyone,"[('God', 'NNP'), ('Bless', 'NNP'), ('Us', 'NNP'), ('Everyone', 'NN')]"
I think of my dad who died this summer in the age of 53,@GrafLothinsmoor,2023-12-04T13:56:49Z,2023-12-04T13:56:49Z,3,I think of my dad who died this summer in the age of,"[('I', 'PRP'), ('think', 'VBP'), ('of', 'IN'), ('my', 'PRP$'), ('dad', 'NN'), ('who', 'WP'), ('died', 'VBD'), ('this', 'DT'), ('summer', 'NN'), ('in', 'IN'), ('the', 'DT'), ('age', 'NN'), ('of', 'IN')]"
Are some of the songs in Welsh?,@johninman7545,2023-12-04T03:57:59Z,2023-12-04T03:57:59Z,0,Are some of the songs in Welsh,"[('Are', 'NNP'), ('some', 'DT'), ('of', 'IN'), ('the', 'DT'), ('songs', 'NNS'), ('in', 'IN'), ('Welsh', 'NNP')]"
Superbe soirée à l&#39;écoute de ces chants 💓,@francinedrion7775,2023-12-03T21:16:43Z,2023-12-03T21:16:43Z,2,Superbe soire lcoute de ces chants,"[('Superbe', 'NNP'), ('soire', 'NN'), ('lcoute', 'NN'), ('de', 'FW'), ('ces', 'NNS'), ('chants', 'NNS')]"
"Am I the only one who thinks this all sounds digitally produced, including the voices?",@saraamelia8746,2023-12-02T15:27:57Z,2023-12-02T15:27:57Z,2,Am I the only one who thinks this all sounds digitally produced including the voices,"[('Am', 'NNP'), ('I', 'PRP'), ('the', 'DT'), ('only', 'JJ'), ('one', 'NN'), ('who', 'WP'), ('thinks', 'VBZ'), ('this', 'DT'), ('all', 'DT'), ('sounds', 'VBZ'), ('digitally', 'RB'), ('produced', 'VBN'), ('including', 'VBG'), ('the', 'DT'), ('voices', 'NNS')]"
"Well, I came here from Wardruna, so I guess this counts",@TravisSuter,2023-12-02T05:52:43Z,2023-12-02T05:52:43Z,0,Well I came here from Wardruna so I guess this counts,"[('Well', 'RB'), ('I', 'PRP'), ('came', 'VBD'), ('here', 'RB'), ('from', 'IN'), ('Wardruna', 'NNP'), ('so', 'IN'), ('I', 'PRP'), ('guess', 'VBP'), ('this', 'DT'), ('counts', 'NNS')]"
Wonderful!!!!,@anonymousboomer9749,2023-12-01T20:26:11Z,2023-12-01T20:26:11Z,3,Wonderful,"[('Wonderful', 'JJ')]"
"What language, if any, is this",@valor101arise,2023-12-01T19:37:27Z,2023-12-01T19:37:27Z,0,What language if any is this,"[('What', 'WP'), ('language', 'NN'), ('if', 'IN'), ('any', 'DT'), ('is', 'VBZ'), ('this', 'DT')]"
Thank you. These songs put me in the spirit of Christmas.,@lilianedenoni5481,2023-12-01T18:05:29Z,2023-12-01T18:05:29Z,5,Thank you These songs put me in the spirit of Christmas,"[('Thank', 'NN'), ('you', 'PRP'), ('These', 'DT'), ('songs', 'NNS'), ('put', 'VBD'), ('me', 'PRP'), ('in', 'IN'), ('the', 'DT'), ('spirit', 'NN'), ('of', 'IN'), ('Christmas', 'NNP')]"
"A única coisa que realmente controlamos são nossas atitudes perante a vida. Então é inútil perdermos tempo em brigar com o que acontece. Veja Boethius: &quot;O que importa é nossa atitude. É única coisa que podemos escolher. Então se assim é escolhamos sorrir, nem que seja só para lembrar dos momentos alegres.&quot; Ou eternos e infindáveis minutos que a Paz que estas músicas nos trazem. Feliz Natal, almas amigas...",@paulorodrigues374,2023-11-30T23:46:59Z,2023-11-30T23:46:59Z,1,A nica coisa que realmente controlamos so nossas atitudes perante a vida Ento intil perdermos tempo em brigar com o que acontece Veja Boethius quotO que importa nossa atitude nica coisa que podemos escolher Ento se assim escolhamos sorrir nem que seja s para lembrar dos momentos alegresquot Ou eternos e infindveis minutos que a Paz que estas msicas nos trazem Feliz Natal almas amigas,"[('A', 'DT'), ('nica', 'JJ'), ('coisa', 'NN'), ('que', 'NN'), ('realmente', 'NN'), ('controlamos', 'NNS'), ('so', 'RB'), ('nossas', 'JJ'), ('atitudes', 'NNS'), ('perante', 'VBP'), ('a', 'DT'), ('vida', 'NN'), ('Ento', 'NNP'), ('intil', 'NN'), ('perdermos', 'NN'), ('tempo', 'NN'), ('em', 'NN'), ('brigar', 'NN'), ('com', 'NN'), ('o', 'NN'), ('que', 'NN'), ('acontece', 'RB'), ('Veja', 'NNP'), ('Boethius', 'NNP'), ('quotO', 'NN'), ('que', 'NN'), ('importa', 'NN'), ('nossa', 'JJ'), ('atitude', 'NN'), ('nica', 'JJ'), ('coisa', 'NN'), ('que', 'NN'), ('podemos', 'NN'), ('escolher', 'RB'), ('Ento', 'NNP'), ('se', 'NN'), ('assim', 'NN'), ('escolhamos', 'NN'), ('sorrir', 'NN'), ('nem', 'NN'), ('que', 'NN'), ('seja', 'NN'), ('s', 'NN'), ('para', 'NN'), ('lembrar', 'NN'), ('dos', 'NN'), ('momentos', 'NN'), ('alegresquot', 'NN'), ('Ou', 'NNP'), ('eternos', 'VBZ'), ('e', 'FW'), ('infindveis', 'JJ'), ('minutos', 'NN'), ('que', 'NN'), ('a', 'DT'), ('Paz', 'NNP'), ('que', 'NN'), ('estas', 'NNS'), ('msicas', 'VBP'), ('nos', 'JJ'), ('trazem', 'NN'), ('Feliz', 'NNP'), ('Natal', 'NNP'), ('almas', 'NN'), ('amigas', 'NN')]"
"The only thing we really control is our attitude to life. So it&#39;s pointless wasting time fighting with what happens. Look at Boethius: &quot;What matters is our attitude. It&#39;s the only thing we can choose. So if that&#39;s the case, let&#39;s choose to smile, if only to remember the happy moments.&quot; Or the eternal and endless minutes of peace that these songs bring us. Merry Christmas, friendly souls...",@paulorodrigues374,2023-11-30T23:46:30Z,2023-11-30T23:46:30Z,1,The only thing we really control is our attitude to life So its pointless wasting time fighting with what happens Look at Boethius quotWhat matters is our attitude Its the only thing we can choose So if thats the case lets choose to smile if only to remember the happy momentsquot Or the eternal and endless minutes of peace that these songs bring us Merry Christmas friendly souls,"[('The', 'DT'), ('only', 'JJ'), ('thing', 'NN'), ('we', 'PRP'), ('really', 'RB'), ('control', 'VB'), ('is', 'VBZ'), ('our', 'PRP$'), ('attitude', 'NN'), ('to', 'TO'), ('life', 'NN'), ('So', 'NNP'), ('its', 'PRP$'), ('pointless', 'NN'), ('wasting', 'NN'), ('time', 'NN'), ('fighting', 'VBG'), ('with', 'IN'), ('what', 'WP'), ('happens', 'VBZ'), ('Look', 'NN'), ('at', 'IN'), ('Boethius', 'NNP'), ('quotWhat', 'FW'), ('matters', 'NNS'), ('is', 'VBZ'), ('our', 'PRP$'), ('attitude', 'NN'), ('Its', 'PRP$'), ('the', 'DT'), ('only', 'JJ'), ('thing', 'NN'), ('we', 'PRP'), ('can', 'MD'), ('choose', 'VB'), ('So', 'RB'), ('if', 'IN'), ('thats', 'NNS'), ('the', 'DT'), ('case', 'NN'), ('lets', 'VBZ'), ('choose', 'VBP'), ('to', 'TO'), ('smile', 'VB'), ('if', 'IN'), ('only', 'RB'), ('to', 'TO'), ('remember', 'VB'), ('the', 'DT'), ('happy', 'JJ'), ('momentsquot', 'NN'), ('Or', 'CC'), ('the', 'DT'), ('eternal', 'JJ'), ('and', 'CC'), ('endless', 'JJ'), ('minutes', 'NNS'), ('of', 'IN'), ('peace', 'NN'), ('that', 'IN'), ('these', 'DT'), ('songs', 'NNS'), ('bring', 'VBP'), ('us', 'PRP'), ('Merry', 'NNP'), ('Christmas', 'NNP'), ('friendly', 'RB'), ('souls', 'VBD')]"
"Divino!!! Agradeço ao Espírito Santo ter a sensibilidade para apreciar o Natal em sua absoluta mensagem: Jesus, um presente de Deus, nasceu. Glória a Deus nas alturas!",@paulorodrigues374,2023-11-30T23:18:39Z,2023-11-30T23:18:39Z,2,Divino Agradeo ao Esprito Santo ter a sensibilidade para apreciar o Natal em sua absoluta mensagem Jesus um presente de Deus nasceu Glria a Deus nas alturas,"[('Divino', 'NNP'), ('Agradeo', 'NNP'), ('ao', 'NN'), ('Esprito', 'NNP'), ('Santo', 'NNP'), ('ter', 'NN'), ('a', 'DT'), ('sensibilidade', 'NN'), ('para', 'NN'), ('apreciar', 'NN'), ('o', 'IN'), ('Natal', 'NNP'), ('em', 'FW'), ('sua', 'NN'), ('absoluta', 'NN'), ('mensagem', 'NN'), ('Jesus', 'NNP'), ('um', 'JJ'), ('presente', 'NN'), ('de', 'IN'), ('Deus', 'NNP'), ('nasceu', 'FW'), ('Glria', 'NNP'), ('a', 'DT'), ('Deus', 'NNP'), ('nas', 'NN'), ('alturas', 'NNS')]"
soo beautiful! 😌 happy almost Advent 🔥 and Merry early Christmas to the World 👑 ⛄👼🙏🧑‍🎄🦌🎄,@SexySkoChick,2023-11-30T21:41:53Z,2023-11-30T21:42:09Z,4,soo beautiful happy almost Advent and Merry early Christmas to the World,"[('soo', 'NN'), ('beautiful', 'NN'), ('happy', 'JJ'), ('almost', 'RB'), ('Advent', 'NNP'), ('and', 'CC'), ('Merry', 'NNP'), ('early', 'RB'), ('Christmas', 'NNP'), ('to', 'TO'), ('the', 'DT'), ('World', 'NNP')]"
"Magnifique, merci :)",@freececile227,2023-11-28T13:18:29Z,2023-11-28T13:18:29Z,2,Magnifique merci,"[('Magnifique', 'NNP'), ('merci', 'NN')]"
God always gives us good and beautiful things. such as music And all these songs. amen,@MusicforChristmas-zy2ze,2023-11-28T11:19:36Z,2023-11-28T11:19:36Z,1,God always gives us good and beautiful things such as music And all these songs amen,"[('God', 'NNP'), ('always', 'RB'), ('gives', 'VBZ'), ('us', 'PRP'), ('good', 'JJ'), ('and', 'CC'), ('beautiful', 'JJ'), ('things', 'NNS'), ('such', 'JJ'), ('as', 'IN'), ('music', 'NN'), ('And', 'CC'), ('all', 'PDT'), ('these', 'DT'), ('songs', 'NNS'), ('amen', 'NNS')]"
❤❤❤❤❤❤❤❤❤,@dianaarango1135,2023-11-24T18:36:15Z,2023-11-24T18:36:15Z,1,,[]
"So beautiful.  What language is this, please?",@caroldixon7796,2023-11-24T18:32:57Z,2023-11-24T18:32:57Z,0,So beautiful What language is this please,"[('So', 'RB'), ('beautiful', 'JJ'), ('What', 'WP'), ('language', 'NN'), ('is', 'VBZ'), ('this', 'DT'), ('please', 'NN')]"
"Classical music explores a wide range of sonic landscapes, from the delicate melodies of orchestral strings to the intricate harmonies of chamber music. This creates a diverse and rich musical experience.",@FlexingClassicalMusic,2023-11-24T01:20:44Z,2023-11-24T01:20:44Z,4,Classical music explores a wide range of sonic landscapes from the delicate melodies of orchestral strings to the intricate harmonies of chamber music This creates a diverse and rich musical experience,"[('Classical', 'JJ'), ('music', 'NN'), ('explores', 'VBZ'), ('a', 'DT'), ('wide', 'JJ'), ('range', 'NN'), ('of', 'IN'), ('sonic', 'JJ'), ('landscapes', 'NNS'), ('from', 'IN'), ('the', 'DT'), ('delicate', 'JJ'), ('melodies', 'NNS'), ('of', 'IN'), ('orchestral', 'JJ'), ('strings', 'NNS'), ('to', 'TO'), ('the', 'DT'), ('intricate', 'JJ'), ('harmonies', 'NNS'), ('of', 'IN'), ('chamber', 'NN'), ('music', 'NN'), ('This', 'DT'), ('creates', 'VBZ'), ('a', 'DT'), ('diverse', 'NN'), ('and', 'CC'), ('rich', 'JJ'), ('musical', 'JJ'), ('experience', 'NN')]"
❤ so nice to hear... I love your songs... Merry Christmas❤❤❤,@user-gg3wp5nq8v,2023-11-22T08:32:12Z,2023-11-22T08:32:12Z,1,so nice to hear I love your songs Merry Christmas,"[('so', 'RB'), ('nice', 'JJ'), ('to', 'TO'), ('hear', 'VB'), ('I', 'PRP'), ('love', 'VB'), ('your', 'PRP$'), ('songs', 'NNS'), ('Merry', 'NNP'), ('Christmas', 'NNP')]"
All my family is gone. This really brightened my day.  Thank you for the memories. 🎄🫶🙏,@cindraclark7204,2023-11-21T20:43:42Z,2023-11-21T20:43:42Z,22,All my family is gone This really brightened my day Thank you for the memories,"[('All', 'DT'), ('my', 'PRP$'), ('family', 'NN'), ('is', 'VBZ'), ('gone', 'VBN'), ('This', 'DT'), ('really', 'RB'), ('brightened', 'JJ'), ('my', 'PRP$'), ('day', 'NN'), ('Thank', 'NNP'), ('you', 'PRP'), ('for', 'IN'), ('the', 'DT'), ('memories', 'NNS')]"
WTF?! Why is this not the actual lyrics in any language spoken by man and not actual singers? This feels so wrong. I wanted the actual traditional songs. Super disappointing.,@maryamjoha,2023-11-19T23:35:07Z,2023-11-19T23:36:36Z,0,WTF Why is this not the actual lyrics in any language spoken by man and not actual singers This feels so wrong I wanted the actual traditional songs Super disappointing,"[('WTF', 'NNP'), ('Why', 'WRB'), ('is', 'VBZ'), ('this', 'DT'), ('not', 'RB'), ('the', 'DT'), ('actual', 'JJ'), ('lyrics', 'NNS'), ('in', 'IN'), ('any', 'DT'), ('language', 'NN'), ('spoken', 'VBN'), ('by', 'IN'), ('man', 'NN'), ('and', 'CC'), ('not', 'RB'), ('actual', 'JJ'), ('singers', 'NNS'), ('This', 'DT'), ('feels', 'NNS'), ('so', 'IN'), ('wrong', 'JJ'), ('I', 'PRP'), ('wanted', 'VBD'), ('the', 'DT'), ('actual', 'JJ'), ('traditional', 'JJ'), ('songs', 'NNS'), ('Super', 'NNP'), ('disappointing', 'NN')]"
This is SO BEAUTIFUL!  Create more like this.  You have no idea what you contribute to others&#39; lives.  SO PEACEFUL.  THANK YOU!,@JazzCoffeeAmbience,2023-11-17T06:54:14Z,2023-11-17T06:54:14Z,10,This is SO BEAUTIFUL Create more like this You have no idea what you contribute to others lives SO PEACEFUL THANK YOU,"[('This', 'DT'), ('is', 'VBZ'), ('SO', 'RB'), ('BEAUTIFUL', 'JJ'), ('Create', 'NNP'), ('more', 'RBR'), ('like', 'IN'), ('this', 'DT'), ('You', 'PRP'), ('have', 'VBP'), ('no', 'DT'), ('idea', 'NN'), ('what', 'WP'), ('you', 'PRP'), ('contribute', 'VBP'), ('to', 'TO'), ('others', 'NNS'), ('lives', 'NNS'), ('SO', 'RB'), ('PEACEFUL', 'NNP'), ('THANK', 'NNP'), ('YOU', 'NNP')]"
"Omg  .i will see you soon ,love of my life",@cornishwolves69,2023-11-15T20:43:29Z,2023-11-15T20:43:29Z,1,Omg i will see you soon love of my life,"[('Omg', 'NNP'), ('i', 'NN'), ('will', 'MD'), ('see', 'VB'), ('you', 'PRP'), ('soon', 'RB'), ('love', 'IN'), ('of', 'IN'), ('my', 'PRP$'), ('life', 'NN')]"
サンタさんが本当にきますように✨,@user-ge9uj5sr1x,2023-11-13T17:27:26Z,2023-11-13T17:27:26Z,0,,[]
"I enjoy Christmas music, but I&#39;m not a fan off the season. I would rather be by myself.",@dougwoods4550,2023-11-13T09:05:53Z,2023-11-13T09:05:53Z,0,I enjoy Christmas music but Im not a fan off the season I would rather be by myself,"[('I', 'PRP'), ('enjoy', 'VBP'), ('Christmas', 'NNP'), ('music', 'NN'), ('but', 'CC'), ('Im', 'NNP'), ('not', 'RB'), ('a', 'DT'), ('fan', 'NN'), ('off', 'IN'), ('the', 'DT'), ('season', 'NN'), ('I', 'PRP'), ('would', 'MD'), ('rather', 'RB'), ('be', 'VB'), ('by', 'IN'), ('myself', 'PRP')]"
The pretty pictures of the house and the churches are marvelous. The churches look Greek Orthodox. Am I right¿ Or they a figment of your imagination¿,@mudgebauer,2023-11-10T23:23:12Z,2023-11-10T23:23:12Z,0,The pretty pictures of the house and the churches are marvelous The churches look Greek Orthodox Am I right Or they a figment of your imagination,"[('The', 'DT'), ('pretty', 'JJ'), ('pictures', 'NNS'), ('of', 'IN'), ('the', 'DT'), ('house', 'NN'), ('and', 'CC'), ('the', 'DT'), ('churches', 'NNS'), ('are', 'VBP'), ('marvelous', 'JJ'), ('The', 'DT'), ('churches', 'NNS'), ('look', 'VBP'), ('Greek', 'JJ'), ('Orthodox', 'NNP'), ('Am', 'VBP'), ('I', 'PRP'), ('right', 'VBP'), ('Or', 'CC'), ('they', 'PRP'), ('a', 'DT'), ('figment', 'NN'), ('of', 'IN'), ('your', 'PRP$'), ('imagination', 'NN')]"
Lovely music and video. Please identify the electronic keyboard being used to simulate the voices¿,@mudgebauer,2023-11-10T23:16:38Z,2023-11-10T23:16:38Z,0,Lovely music and video Please identify the electronic keyboard being used to simulate the voices,"[('Lovely', 'RB'), ('music', 'NN'), ('and', 'CC'), ('video', 'NN'), ('Please', 'NNP'), ('identify', 'VB'), ('the', 'DT'), ('electronic', 'JJ'), ('keyboard', 'NN'), ('being', 'VBG'), ('used', 'VBN'), ('to', 'TO'), ('simulate', 'VB'), ('the', 'DT'), ('voices', 'NNS')]"
"listening right now November 9, 2023 at 9:10pm from Philippines. Merry Christmas ⛄🎁",@lividtorres5621,2023-11-09T13:09:43Z,2023-11-09T13:09:43Z,1,listening right now November at pm from Philippines Merry Christmas,"[('listening', 'VBG'), ('right', 'RB'), ('now', 'RB'), ('November', 'NNP'), ('at', 'IN'), ('pm', 'NN'), ('from', 'IN'), ('Philippines', 'NNPS'), ('Merry', 'NNP'), ('Christmas', 'NNP')]"
This woke me up in the middle of the night. It totally creeps me out for some reason.  It’s like the musical version of creepy AI artwork. How can I block this from playing???,@theotherme4120,2023-11-09T01:31:22Z,2023-11-09T01:31:22Z,0,This woke me up in the middle of the night It totally creeps me out for some reason Its like the musical version of creepy AI artwork How can I block this from playing,"[('This', 'DT'), ('woke', 'VBD'), ('me', 'PRP'), ('up', 'RP'), ('in', 'IN'), ('the', 'DT'), ('middle', 'NN'), ('of', 'IN'), ('the', 'DT'), ('night', 'NN'), ('It', 'PRP'), ('totally', 'RB'), ('creeps', 'VB'), ('me', 'PRP'), ('out', 'RP'), ('for', 'IN'), ('some', 'DT'), ('reason', 'NN'), ('Its', 'PRP$'), ('like', 'IN'), ('the', 'DT'), ('musical', 'JJ'), ('version', 'NN'), ('of', 'IN'), ('creepy', 'NN'), ('AI', 'NNP'), ('artwork', 'VBZ'), ('How', 'WRB'), ('can', 'MD'), ('I', 'PRP'), ('block', 'VB'), ('this', 'DT'), ('from', 'IN'), ('playing', 'VBG')]"
I&#39;M OLD ENOUGH TO APPRECIATE THIS WONDERFUL CHOIR CHRISTMAS MUSIC. AS MUCH AS I LIKE MODERN SONGS ABOUT CHRISTMAS. NOTHING BRINGS ME CLOSER THAN THIS!!,@normlor,2023-11-08T02:13:50Z,2023-11-08T02:13:50Z,17,IM OLD ENOUGH TO APPRECIATE THIS WONDERFUL CHOIR CHRISTMAS MUSIC AS MUCH AS I LIKE MODERN SONGS ABOUT CHRISTMAS NOTHING BRINGS ME CLOSER THAN THIS,"[('IM', 'NNP'), ('OLD', 'NNP'), ('ENOUGH', 'NNP'), ('TO', 'NNP'), ('APPRECIATE', 'NNP'), ('THIS', 'NNP'), ('WONDERFUL', 'NNP'), ('CHOIR', 'NNP'), ('CHRISTMAS', 'NNP'), ('MUSIC', 'NNP'), ('AS', 'RB'), ('MUCH', 'NNP'), ('AS', 'IN'), ('I', 'PRP'), ('LIKE', 'VBP'), ('MODERN', 'NNP'), ('SONGS', 'NNP'), ('ABOUT', 'NNP'), ('CHRISTMAS', 'NNP'), ('NOTHING', 'NNP'), ('BRINGS', 'NNP'), ('ME', 'NNP'), ('CLOSER', 'NNP'), ('THAN', 'NNP'), ('THIS', 'NNP')]"
Hi all. What is the name of the Orchestra Chrorus who sing this songs? Or the entire album.... thank you,@alexmurphy8862,2023-11-06T08:39:31Z,2023-11-06T08:39:31Z,0,Hi all What is the name of the Orchestra Chrorus who sing this songs Or the entire album thank you,"[('Hi', 'NNP'), ('all', 'DT'), ('What', 'WP'), ('is', 'VBZ'), ('the', 'DT'), ('name', 'NN'), ('of', 'IN'), ('the', 'DT'), ('Orchestra', 'NNP'), ('Chrorus', 'NNP'), ('who', 'WP'), ('sing', 'VBG'), ('this', 'DT'), ('songs', 'NNS'), ('Or', 'CC'), ('the', 'DT'), ('entire', 'JJ'), ('album', 'NN'), ('thank', 'NN'), ('you', 'PRP')]"
Merry Christmas to everyone reading. I pray you are blessed with everything you need this Christmas. 🙏🎄,@Stephanie_Vanderkellen,2023-11-06T03:19:21Z,2023-11-06T03:19:21Z,5,Merry Christmas to everyone reading I pray you are blessed with everything you need this Christmas,"[('Merry', 'NNP'), ('Christmas', 'NNP'), ('to', 'TO'), ('everyone', 'NN'), ('reading', 'NN'), ('I', 'PRP'), ('pray', 'VBP'), ('you', 'PRP'), ('are', 'VBP'), ('blessed', 'VBN'), ('with', 'IN'), ('everything', 'NN'), ('you', 'PRP'), ('need', 'VBP'), ('this', 'DT'), ('Christmas', 'NNP')]"
Que maravillosa cancion me recuerda a la vispera de navidad  aunque yo celebre solo la navidad en mi casa nadie me vicita 😢,@albertojosemunoz4734,2023-11-04T13:21:43Z,2023-11-04T13:21:43Z,0,Que maravillosa cancion me recuerda a la vispera de navidad aunque yo celebre solo la navidad en mi casa nadie me vicita,"[('Que', 'NNP'), ('maravillosa', 'NN'), ('cancion', 'NN'), ('me', 'PRP'), ('recuerda', 'VBZ'), ('a', 'DT'), ('la', 'NN'), ('vispera', 'NN'), ('de', 'IN'), ('navidad', 'FW'), ('aunque', 'JJ'), ('yo', 'NN'), ('celebre', 'NN'), ('solo', 'NN'), ('la', 'NN'), ('navidad', 'FW'), ('en', 'FW'), ('mi', 'FW'), ('casa', 'NN'), ('nadie', 'IN'), ('me', 'PRP'), ('vicita', 'VBP')]"
These beautiful songs touch the soul.,@carolthompson302,2023-11-03T02:50:12Z,2023-11-03T02:50:12Z,9,These beautiful songs touch the soul,"[('These', 'DT'), ('beautiful', 'JJ'), ('songs', 'NNS'), ('touch', 'IN'), ('the', 'DT'), ('soul', 'NN')]"
Músicas maravilhosas 🌹💕👏👏👏,@wbarcellos,2023-11-02T19:44:25Z,2023-11-02T19:44:25Z,3,Msicas maravilhosas,"[('Msicas', 'NNP'), ('maravilhosas', 'NN')]"
"Beautiful orthodox Christian carols, thank you. and God Bless",@andrewm514,2023-11-02T13:51:49Z,2023-11-02T13:51:49Z,7,Beautiful orthodox Christian carols thank you and God Bless,"[('Beautiful', 'NNP'), ('orthodox', 'JJ'), ('Christian', 'NNP'), ('carols', 'VBZ'), ('thank', 'NN'), ('you', 'PRP'), ('and', 'CC'), ('God', 'NNP'), ('Bless', 'NNP')]"
Hermosa música navideña muchas gracias,@evacarrascorojas4415,2023-11-02T13:37:16Z,2023-11-02T13:37:16Z,2,Hermosa msica navidea muchas gracias,"[('Hermosa', 'NNP'), ('msica', 'NNP'), ('navidea', 'NN'), ('muchas', 'NN'), ('gracias', 'NN')]"
Wonderful music 😊brought tears to my eyes as I remembered my dearest Daddy and Mommy💙💚I’m old now and they are gone 😢,@nellymarlenewatkinss.9443,2023-10-28T17:52:06Z,2023-10-28T17:52:06Z,19,Wonderful music brought tears to my eyes as I remembered my dearest Daddy and MommyIm old now and they are gone,"[('Wonderful', 'JJ'), ('music', 'NN'), ('brought', 'VBD'), ('tears', 'NNS'), ('to', 'TO'), ('my', 'PRP$'), ('eyes', 'NNS'), ('as', 'IN'), ('I', 'PRP'), ('remembered', 'VBD'), ('my', 'PRP$'), ('dearest', 'NN'), ('Daddy', 'NNP'), ('and', 'CC'), ('MommyIm', 'NNP'), ('old', 'JJ'), ('now', 'RB'), ('and', 'CC'), ('they', 'PRP'), ('are', 'VBP'), ('gone', 'VBN')]"
UM... this is OCTOBER !,@billrea66,2023-10-26T06:04:26Z,2023-10-26T06:04:26Z,0,UM this is OCTOBER,"[('UM', 'IN'), ('this', 'DT'), ('is', 'VBZ'), ('OCTOBER', 'NNP')]"
😍,@eileenkung1654,2023-10-24T17:15:14Z,2023-10-24T17:15:14Z,1,,[]
Where are the words? I don’t hear actual lyrics. Am I losing my mind? Or is this like creepy AI version of Christmas music???,@theotherme4120,2023-10-22T02:34:20Z,2023-10-22T02:34:20Z,0,Where are the words I dont hear actual lyrics Am I losing my mind Or is this like creepy AI version of Christmas music,"[('Where', 'WRB'), ('are', 'VBP'), ('the', 'DT'), ('words', 'NNS'), ('I', 'PRP'), ('dont', 'VBP'), ('hear', 'JJ'), ('actual', 'JJ'), ('lyrics', 'NNS'), ('Am', 'VBP'), ('I', 'PRP'), ('losing', 'VBG'), ('my', 'PRP$'), ('mind', 'NN'), ('Or', 'CC'), ('is', 'VBZ'), ('this', 'DT'), ('like', 'JJ'), ('creepy', 'NN'), ('AI', 'NNP'), ('version', 'NN'), ('of', 'IN'), ('Christmas', 'NNP'), ('music', 'NN')]"
The beauty of listening to this on my cell phone is I can plug it into the car radio. Dont have to be bothered with hearing Mariah Carey start up every five minutes.,@slim-oneslim8014,2023-10-21T08:45:26Z,2023-10-21T08:45:26Z,22,The beauty of listening to this on my cell phone is I can plug it into the car radio Dont have to be bothered with hearing Mariah Carey start up every five minutes,"[('The', 'DT'), ('beauty', 'NN'), ('of', 'IN'), ('listening', 'VBG'), ('to', 'TO'), ('this', 'DT'), ('on', 'IN'), ('my', 'PRP$'), ('cell', 'NN'), ('phone', 'NN'), ('is', 'VBZ'), ('I', 'PRP'), ('can', 'MD'), ('plug', 'VB'), ('it', 'PRP'), ('into', 'IN'), ('the', 'DT'), ('car', 'NN'), ('radio', 'NN'), ('Dont', 'NNP'), ('have', 'VBP'), ('to', 'TO'), ('be', 'VB'), ('bothered', 'VBN'), ('with', 'IN'), ('hearing', 'VBG'), ('Mariah', 'NNP'), ('Carey', 'NNP'), ('start', 'VBP'), ('up', 'RP'), ('every', 'DT'), ('five', 'CD'), ('minutes', 'NNS')]"
This is majestic. Kinda brings both happiness and warmth at the same time. ❤,@bjorn6869,2023-10-21T07:09:12Z,2023-10-21T07:09:12Z,17,This is majestic Kinda brings both happiness and warmth at the same time,"[('This', 'DT'), ('is', 'VBZ'), ('majestic', 'JJ'), ('Kinda', 'NNP'), ('brings', 'VBZ'), ('both', 'DT'), ('happiness', 'NN'), ('and', 'CC'), ('warmth', 'NN'), ('at', 'IN'), ('the', 'DT'), ('same', 'JJ'), ('time', 'NN')]"
🌟🏛🌟 - TOUS CES CHANTS &amp; MERVEILLES POURRAIENT VENIR DE CE TEMPLE CÉLESTE  &amp; RADIEUX❕   M*E*R*C🌟  POUR CET OPUS FÉERIQUE.    🎄🎁<br>A TRÈS  BIENTÔT  DANS LA LUMIÈRE  &amp; LES MILLE LUMIÈRES  DU 24 &amp; 25 DÉCEMBRE 2023  💫 ❄ 💫<br>DIVINEMENT VÔTRE  🌈&quot;&quot;🌬 🌟👑🌟🕊’’🔥🔥🔥,@nicoleasdorion4437,2023-10-20T07:17:28Z,2023-10-20T07:18:36Z,1,TOUS CES CHANTS amp MERVEILLES POURRAIENT VENIR DE CE TEMPLE CLESTE amp RADIEUX MERC POUR CET OPUS FERIQUE brA TRS BIENTT DANS LA LUMIRE amp LES MILLE LUMIRES DU amp DCEMBRE brDIVINEMENT VTRE quotquot,"[('TOUS', 'NNP'), ('CES', 'NNP'), ('CHANTS', 'NNP'), ('amp', 'NN'), ('MERVEILLES', 'NNP'), ('POURRAIENT', 'NNP'), ('VENIR', 'NNP'), ('DE', 'NNP'), ('CE', 'NNP'), ('TEMPLE', 'NNP'), ('CLESTE', 'NNP'), ('amp', 'VBZ'), ('RADIEUX', 'NNP'), ('MERC', 'NNP'), ('POUR', 'NNP'), ('CET', 'NNP'), ('OPUS', 'NNP'), ('FERIQUE', 'NNP'), ('brA', 'NN'), ('TRS', 'NNP'), ('BIENTT', 'NNP'), ('DANS', 'NNP'), ('LA', 'NNP'), ('LUMIRE', 'NNP'), ('amp', 'NN'), ('LES', 'NNP'), ('MILLE', 'NNP'), ('LUMIRES', 'NNP'), ('DU', 'NNP'), ('amp', 'NN'), ('DCEMBRE', 'NNP'), ('brDIVINEMENT', 'NN'), ('VTRE', 'NNP'), ('quotquot', 'NN')]"
"M*E*R*C 🤍  @ AmbientMusicParadise  POUR CE VOYAGE INTER-NOËL EN CES CHANTS FÉERIQUES. ✝️⚜❄⚜✡   <br>EN CETTE SAISON TRÈS  PARTICULIÈRE,  SI NOUS POUVIONS  INSUFFLER SES DOUX CHANTS AUX OREILLES DE NOS  COMBATTANTS ET SURTOUT  AUX MAÎTRES D’ORDRES❣<br>DIVINEMENT VÔTRE :  🌈&quot;&quot;🌬  🌟*👑*🌟🕊&quot;&quot;🔥🔥🔥",@nicoleasdorion4437,2023-10-20T00:46:38Z,2023-10-20T00:46:38Z,1,MERC AmbientMusicParadise POUR CE VOYAGE INTERNOL EN CES CHANTS FERIQUES brEN CETTE SAISON TRS PARTICULIRE SI NOUS POUVIONS INSUFFLER SES DOUX CHANTS AUX OREILLES DE NOS COMBATTANTS ET SURTOUT AUX MATRES DORDRESbrDIVINEMENT VTRE quotquot quotquot,"[('MERC', 'NNP'), ('AmbientMusicParadise', 'NNP'), ('POUR', 'NNP'), ('CE', 'NNP'), ('VOYAGE', 'NNP'), ('INTERNOL', 'NNP'), ('EN', 'NNP'), ('CES', 'NNP'), ('CHANTS', 'NNP'), ('FERIQUES', 'NNP'), ('brEN', 'NN'), ('CETTE', 'NNP'), ('SAISON', 'NNP'), ('TRS', 'NNP'), ('PARTICULIRE', 'NNP'), ('SI', 'NNP'), ('NOUS', 'NNP'), ('POUVIONS', 'NNP'), ('INSUFFLER', 'NNP'), ('SES', 'NNP'), ('DOUX', 'NNP'), ('CHANTS', 'NNP'), ('AUX', 'NNP'), ('OREILLES', 'NNP'), ('DE', 'NNP'), ('NOS', 'NNP'), ('COMBATTANTS', 'NNP'), ('ET', 'NNP'), ('SURTOUT', 'NNP'), ('AUX', 'NNP'), ('MATRES', 'NNP'), ('DORDRESbrDIVINEMENT', 'NNP'), ('VTRE', 'NNP'), ('quotquot', 'NN'), ('quotquot', 'NN')]"
"omg, i miss my old self. Hearing this kind of music made me think of my family.",@kreontv,2023-10-19T11:16:14Z,2023-10-19T11:16:14Z,8,omg i miss my old self Hearing this kind of music made me think of my family,"[('omg', 'NN'), ('i', 'NN'), ('miss', 'VBP'), ('my', 'PRP$'), ('old', 'JJ'), ('self', 'NN'), ('Hearing', 'NNP'), ('this', 'DT'), ('kind', 'NN'), ('of', 'IN'), ('music', 'NN'), ('made', 'VBD'), ('me', 'PRP'), ('think', 'VB'), ('of', 'IN'), ('my', 'PRP$'), ('family', 'NN')]"
"Yes,,, this bring back all the memories. Relate",@anamariealaro6789,2023-10-19T10:12:54Z,2023-10-19T10:12:54Z,2,Yes this bring back all the memories Relate,"[('Yes', 'UH'), ('this', 'DT'), ('bring', 'NN'), ('back', 'RB'), ('all', 'PDT'), ('the', 'DT'), ('memories', 'NNS'), ('Relate', 'NNP')]"
"Within the first few seconds I become very emotional. These carols for me are more than just fuzzy feelings of Christmas, but of the One who gave it all so I could have life. I needed this mix as I&#39;m coming out of a dry and disappointing season of life. What a beautiful reminder of what&#39;s truly important. 🙏❣✝🕊",@AshleyKristyen,2023-10-06T21:49:24Z,2023-10-06T21:49:24Z,124,Within the first few seconds I become very emotional These carols for me are more than just fuzzy feelings of Christmas but of the One who gave it all so I could have life I needed this mix as Im coming out of a dry and disappointing season of life What a beautiful reminder of whats truly important,"[('Within', 'IN'), ('the', 'DT'), ('first', 'JJ'), ('few', 'JJ'), ('seconds', 'NNS'), ('I', 'PRP'), ('become', 'VBP'), ('very', 'RB'), ('emotional', 'JJ'), ('These', 'DT'), ('carols', 'NNS'), ('for', 'IN'), ('me', 'PRP'), ('are', 'VBP'), ('more', 'JJR'), ('than', 'IN'), ('just', 'RB'), ('fuzzy', 'JJ'), ('feelings', 'NNS'), ('of', 'IN'), ('Christmas', 'NNP'), ('but', 'CC'), ('of', 'IN'), ('the', 'DT'), ('One', 'NNP'), ('who', 'WP'), ('gave', 'VBD'), ('it', 'PRP'), ('all', 'DT'), ('so', 'RB'), ('I', 'PRP'), ('could', 'MD'), ('have', 'VB'), ('life', 'NN'), ('I', 'PRP'), ('needed', 'VBD'), ('this', 'DT'), ('mix', 'NN'), ('as', 'IN'), ('Im', 'NNP'), ('coming', 'VBG'), ('out', 'RB'), ('of', 'IN'), ('a', 'DT'), ('dry', 'JJ'), ('and', 'CC'), ('disappointing', 'JJ'), ('season', 'NN'), ('of', 'IN'), ('life', 'NN'), ('What', 'WP'), ('a', 'DT'), ('beautiful', 'JJ'), ('reminder', 'NN'), ('of', 'IN'), ('whats', 'NNS'), ('truly', 'RB'), ('important', 'JJ')]"
"Señor, gracias por salvarme, estaba tan a oscuras y viniste y me cegaste con tu luz, ahora estoy libre de las manos del enemigo, señor, continuaré sirviéndote, amén.",@FelizNavidad1539,2023-10-01T17:10:49Z,2023-10-01T17:10:49Z,2,Seor gracias por salvarme estaba tan a oscuras y viniste y me cegaste con tu luz ahora estoy libre de las manos del enemigo seor continuar sirvindote amn,"[('Seor', 'NNP'), ('gracias', 'NN'), ('por', 'NN'), ('salvarme', 'NN'), ('estaba', 'NN'), ('tan', 'VBD'), ('a', 'DT'), ('oscuras', 'JJ'), ('y', 'NN'), ('viniste', 'NN'), ('y', 'IN'), ('me', 'PRP'), ('cegaste', 'VBP'), ('con', 'JJ'), ('tu', 'NN'), ('luz', 'NN'), ('ahora', 'IN'), ('estoy', 'JJ'), ('libre', 'NN'), ('de', 'IN'), ('las', 'FW'), ('manos', 'FW'), ('del', 'FW'), ('enemigo', 'FW'), ('seor', 'FW'), ('continuar', 'JJ'), ('sirvindote', 'NN'), ('amn', 'NN')]"
Hermoso video. Me fascina la Navidad y todos sus elementos culturales.<br>Gracias por compartirlo.,@mateosantiago,2023-09-28T13:44:21Z,2023-09-28T13:44:21Z,1,Hermoso video Me fascina la Navidad y todos sus elementos culturalesbrGracias por compartirlo,"[('Hermoso', 'NNP'), ('video', 'NN'), ('Me', 'NNP'), ('fascina', 'VBZ'), ('la', 'FW'), ('Navidad', 'NNP'), ('y', 'CC'), ('todos', 'JJ'), ('sus', 'NN'), ('elementos', 'NN'), ('culturalesbrGracias', 'NN'), ('por', 'NN'), ('compartirlo', 'NN')]"
What language are they singing,@maryloumackelprang5856,2023-08-25T03:04:01Z,2023-08-25T03:04:01Z,0,What language are they singing,"[('What', 'WP'), ('language', 'NN'), ('are', 'VBP'), ('they', 'PRP'), ('singing', 'VBG')]"
"Malam kudus ( silent night ), lagu yg kami selalu nyanyikan ketika misa di malam natal. Lagu yg membawa damai di hati.",@juniartosutanto2205,2023-02-05T09:18:39Z,2023-02-05T09:18:39Z,0,Malam kudus silent night lagu yg kami selalu nyanyikan ketika misa di malam natal Lagu yg membawa damai di hati,"[('Malam', 'NNP'), ('kudus', 'NN'), ('silent', 'NN'), ('night', 'NN'), ('lagu', 'NN'), ('yg', 'NN'), ('kami', 'NN'), ('selalu', 'NN'), ('nyanyikan', 'JJ'), ('ketika', 'FW'), ('misa', 'FW'), ('di', 'FW'), ('malam', 'FW'), ('natal', 'JJ'), ('Lagu', 'NNP'), ('yg', 'NN'), ('membawa', 'NN'), ('damai', 'NN'), ('di', 'NN'), ('hati', 'NN')]"
"This is beautiful. Memories of Christmas’ past came flooding back. My parents, my aunts and uncles, family, friends and neighbors who are no longer here.   Beautiful and wonderful! Merry Christmas! 🎄🎁",@bobholmes65,2023-02-01T07:45:45Z,2023-02-01T07:46:14Z,50,This is beautiful Memories of Christmas past came flooding back My parents my aunts and uncles family friends and neighbors who are no longer here Beautiful and wonderful Merry Christmas,"[('This', 'DT'), ('is', 'VBZ'), ('beautiful', 'JJ'), ('Memories', 'NNS'), ('of', 'IN'), ('Christmas', 'NNP'), ('past', 'NN'), ('came', 'VBD'), ('flooding', 'VBG'), ('back', 'RB'), ('My', 'PRP$'), ('parents', 'NNS'), ('my', 'PRP$'), ('aunts', 'NNS'), ('and', 'CC'), ('uncles', 'NNS'), ('family', 'NN'), ('friends', 'NNS'), ('and', 'CC'), ('neighbors', 'NNS'), ('who', 'WP'), ('are', 'VBP'), ('no', 'RB'), ('longer', 'RB'), ('here', 'RB'), ('Beautiful', 'NNP'), ('and', 'CC'), ('wonderful', 'JJ'), ('Merry', 'NNP'), ('Christmas', 'NNP')]"
"Thanks for Sharing and Subscribing. 🙏Enjoy more Ambient Choir Music in this Playlist:<br><a href=""https://www.youtube.com/playlist?list=PLVWtd6TAbjUAybhgZyl13qOncmETIVijt"">https://www.youtube.com/playlist?list=PLVWtd6TAbjUAybhgZyl13qOncmETIVijt</a>",@AmbientMusicParadise,2023-01-29T13:39:49Z,2023-01-29T13:39:49Z,39,Thanks for Sharing and Subscribing Enjoy more Ambient Choir Music in this Playlistbra href,"[('Thanks', 'NNS'), ('for', 'IN'), ('Sharing', 'VBG'), ('and', 'CC'), ('Subscribing', 'VBG'), ('Enjoy', 'NNP'), ('more', 'RBR'), ('Ambient', 'NNP'), ('Choir', 'NNP'), ('Music', 'NNP'), ('in', 'IN'), ('this', 'DT'), ('Playlistbra', 'NNP'), ('href', 'NN')]"
Beautiful,@arlenehensley6753,2023-01-29T00:40:12Z,2023-01-29T00:40:12Z,5,Beautiful,"[('Beautiful', 'JJ')]"
Beautiful!,@arlenehensley6753,2023-01-29T00:38:16Z,2023-01-29T00:38:16Z,6,Beautiful,"[('Beautiful', 'JJ')]"
awesome stuff.,@samdaman916,2023-01-16T23:19:17Z,2023-01-16T23:19:17Z,2,awesome stuff,"[('awesome', 'JJ'), ('stuff', 'NN')]"
"Such a BLESSED Find this AM!  Thank you!   What I had watched first was the Harry Belafonte song, &quot;Mary&#39;s Boy Child&quot; w/video.  It provided such solace during this Christmas season; it is the eternal essence of why we believe.   I&#39;ll follow up w/the video link you provide below.",@janemazzola4454,2023-01-05T15:50:34Z,2023-01-05T15:50:34Z,1,Such a BLESSED Find this AM Thank you What I had watched first was the Harry Belafonte song quotMarys Boy Childquot wvideo It provided such solace during this Christmas season it is the eternal essence of why we believe Ill follow up wthe video link you provide below,"[('Such', 'JJ'), ('a', 'DT'), ('BLESSED', 'NNP'), ('Find', 'NNP'), ('this', 'DT'), ('AM', 'NNP'), ('Thank', 'NNP'), ('you', 'PRP'), ('What', 'WP'), ('I', 'PRP'), ('had', 'VBD'), ('watched', 'VBN'), ('first', 'RB'), ('was', 'VBD'), ('the', 'DT'), ('Harry', 'NNP'), ('Belafonte', 'NNP'), ('song', 'NN'), ('quotMarys', 'NN'), ('Boy', 'NNP'), ('Childquot', 'NNP'), ('wvideo', 'VBD'), ('It', 'PRP'), ('provided', 'VBD'), ('such', 'JJ'), ('solace', 'NN'), ('during', 'IN'), ('this', 'DT'), ('Christmas', 'NNP'), ('season', 'NN'), ('it', 'PRP'), ('is', 'VBZ'), ('the', 'DT'), ('eternal', 'JJ'), ('essence', 'NN'), ('of', 'IN'), ('why', 'WRB'), ('we', 'PRP'), ('believe', 'VBP'), ('Ill', 'NNP'), ('follow', 'VBP'), ('up', 'RP'), ('wthe', 'JJ'), ('video', 'NN'), ('link', 'NN'), ('you', 'PRP'), ('provide', 'VBP'), ('below', 'IN')]"
❤MERRY CHRISTMAS and HAPPY NEW YEAR 2023 💙 ... peace and joy of The Lord be with us 🙏,@langitdewandaru2854,2023-01-01T04:53:44Z,2023-01-01T04:53:44Z,5,MERRY CHRISTMAS and HAPPY NEW YEAR peace and joy of The Lord be with us,"[('MERRY', 'NNP'), ('CHRISTMAS', 'NNP'), ('and', 'CC'), ('HAPPY', 'NNP'), ('NEW', 'NNP'), ('YEAR', 'NNP'), ('peace', 'NN'), ('and', 'CC'), ('joy', 'NN'), ('of', 'IN'), ('The', 'DT'), ('Lord', 'NNP'), ('be', 'VB'), ('with', 'IN'), ('us', 'PRP')]"
"Too many commercials, this is ruined!",@stacieadams6277,2022-12-31T14:09:16Z,2022-12-31T14:09:16Z,0,Too many commercials this is ruined,"[('Too', 'RB'), ('many', 'JJ'), ('commercials', 'NNS'), ('this', 'DT'), ('is', 'VBZ'), ('ruined', 'VBN')]"
I can listen to this ALL day every day all year!,@archangelvvv,2022-12-31T00:19:00Z,2022-12-31T00:19:00Z,36,I can listen to this ALL day every day all year,"[('I', 'PRP'), ('can', 'MD'), ('listen', 'VB'), ('to', 'TO'), ('this', 'DT'), ('ALL', 'NNP'), ('day', 'NN'), ('every', 'DT'), ('day', 'NN'), ('all', 'DT'), ('year', 'NN')]"
I imagine this is what the angels sound like!,@WorthyistheLambRev1,2022-12-28T15:36:44Z,2022-12-28T15:36:44Z,1,I imagine this is what the angels sound like,"[('I', 'PRP'), ('imagine', 'VBP'), ('this', 'DT'), ('is', 'VBZ'), ('what', 'WP'), ('the', 'DT'), ('angels', 'JJ'), ('sound', 'NN'), ('like', 'IN')]"
"I am Gali, in the year 1980 I lost all my hopes, I became a thief  and club dancer. At that time I heard about Christ, the Lord spoke with me though the Scripture.   <br><br> JOHN 14:6  “I AM THE WAY THE TRUTH AND THE LIFE NO MAN COMETH UNTO THE FATHER BUT BY ME.” <br><br>  I surrendered my life to Lord Jesus and confessed that He is the only Lord and died for my sins to deliver me from all my sins (Karma). When I totally surrendered my life to the Lord He has delivered me from evil spirits, which suffered me about 6 years. I became a new person in Christ.    I love Bible so much and started memorizing the scriptures.   <br> <br>By the grace of God I have memorized Five Thousand (5,000) Verses from the Holy Bible. Every week I also remember all the verses. Morning time I remember about 1500 verses for praise, worship and prayer. (Including 100 Psalms). This practice helps me to grow strong in the Lord and also to help others for the glory of the Lord.    John 14:6 is my favorite verse; I preach this word to many unsaved people that they may find the peace in Jesus Christ because He is the Lord of all.  <br><br> <a href=""https://youtu.be/GWViryWWch4"">https://youtu.be/GWViryWWch4</a>",@sisaliceponnuswamyfastingp3414,2022-12-28T13:05:10Z,2022-12-28T13:05:10Z,3,I am Gali in the year I lost all my hopes I became a thief and club dancer At that time I heard about Christ the Lord spoke with me though the Scripture br br JOHN I AM THE WAY THE TRUTH AND THE LIFE NO MAN COMETH UNTO THE FATHER BUT BY ME br br I surrendered my life to Lord Jesus and confessed that He is the only Lord and died for my sins to deliver me from all my sins Karma When I totally surrendered my life to the Lord He has delivered me from evil spirits which suffered me about years I became a new person in Christ I love Bible so much and started memorizing the scriptures br brBy the grace of God I have memorized Five Thousand Verses from the Holy Bible Every week I also remember all the verses Morning time I remember about verses for praise worship and prayer Including Psalms This practice helps me to grow strong in the Lord and also to help others for the glory of the Lord John is my favorite verse I preach this word to many unsaved people that they may find the peace in Jesus Christ because He is the Lord of all br br a href,"[('I', 'PRP'), ('am', 'VBP'), ('Gali', 'NNP'), ('in', 'IN'), ('the', 'DT'), ('year', 'NN'), ('I', 'PRP'), ('lost', 'VBD'), ('all', 'DT'), ('my', 'PRP$'), ('hopes', 'NNS'), ('I', 'PRP'), ('became', 'VBD'), ('a', 'DT'), ('thief', 'NN'), ('and', 'CC'), ('club', 'NN'), ('dancer', 'NN'), ('At', 'IN'), ('that', 'DT'), ('time', 'NN'), ('I', 'PRP'), ('heard', 'VBP'), ('about', 'IN'), ('Christ', 'NNP'), ('the', 'DT'), ('Lord', 'NNP'), ('spoke', 'NN'), ('with', 'IN'), ('me', 'PRP'), ('though', 'IN'), ('the', 'DT'), ('Scripture', 'NNP'), ('br', 'NN'), ('br', 'NN'), ('JOHN', 'NNP'), ('I', 'PRP'), ('AM', 'VBP'), ('THE', 'DT'), ('WAY', 'NNP'), ('THE', 'NNP'), ('TRUTH', 'NNP'), ('AND', 'NNP'), ('THE', 'NNP'), ('LIFE', 'NNP'), ('NO', 'NNP'), ('MAN', 'NNP'), ('COMETH', 'NNP'), ('UNTO', 'NNP'), ('THE', 'NNP'), ('FATHER', 'NNP'), ('BUT', 'NNP'), ('BY', 'NNP'), ('ME', 'NNP'), ('br', 'IN'), ('br', 'NN'), ('I', 'PRP'), ('surrendered', 'VBD'), ('my', 'PRP$'), ('life', 'NN'), ('to', 'TO'), ('Lord', 'NNP'), ('Jesus', 'NNP'), ('and', 'CC'), ('confessed', 'VBD'), ('that', 'IN'), ('He', 'PRP'), ('is', 'VBZ'), ('the', 'DT'), ('only', 'JJ'), ('Lord', 'NNP'), ('and', 'CC'), ('died', 'VBD'), ('for', 'IN'), ('my', 'PRP$'), ('sins', 'NNS'), ('to', 'TO'), ('deliver', 'VB'), ('me', 'PRP'), ('from', 'IN'), ('all', 'DT'), ('my', 'PRP$'), ('sins', 'NNS'), ('Karma', 'NNP'), ('When', 'WRB'), ('I', 'PRP'), ('totally', 'RB'), ('surrendered', 'VBD'), ('my', 'PRP$'), ('life', 'NN'), ('to', 'TO'), ('the', 'DT'), ('Lord', 'NNP'), ('He', 'PRP'), ('has', 'VBZ'), ('delivered', 'VBN'), ('me', 'PRP'), ('from', 'IN'), ('evil', 'JJ'), ('spirits', 'NNS'), ('which', 'WDT'), ('suffered', 'VBD'), ('me', 'PRP'), ('about', 'IN'), ('years', 'NNS'), ('I', 'PRP'), ('became', 'VBD'), ('a', 'DT'), ('new', 'JJ'), ('person', 'NN'), ('in', 'IN'), ('Christ', 'NNP'), ('I', 'PRP'), ('love', 'VBP'), ('Bible', 'NNP'), ('so', 'RB'), ('much', 'RB'), ('and', 'CC'), ('started', 'VBD'), ('memorizing', 'VBG'), ('the', 'DT'), ('scriptures', 'NNS'), ('br', 'VBP'), ('brBy', 'IN'), ('the', 'DT'), ('grace', 'NN'), ('of', 'IN'), ('God', 'NNP'), ('I', 'PRP'), ('have', 'VBP'), ('memorized', 'VBN'), ('Five', 'CD'), ('Thousand', 'NNP'), ('Verses', 'NNS'), ('from', 'IN'), ('the', 'DT'), ('Holy', 'NNP'), ('Bible', 'NNP'), ('Every', 'NNP'), ('week', 'NN'), ('I', 'PRP'), ('also', 'RB'), ('remember', 'VBP'), ('all', 'PDT'), ('the', 'DT'), ('verses', 'NNS'), ('Morning', 'NNP'), ('time', 'NN'), ('I', 'PRP'), ('remember', 'VBP'), ('about', 'IN'), ('verses', 'NNS'), ('for', 'IN'), ('praise', 'NN'), ('worship', 'NN'), ('and', 'CC'), ('prayer', 'NN'), ('Including', 'NNP'), ('Psalms', 'NNP'), ('This', 'DT'), ('practice', 'NN'), ('helps', 'VBZ'), ('me', 'PRP'), ('to', 'TO'), ('grow', 'VB'), ('strong', 'JJ'), ('in', 'IN'), ('the', 'DT'), ('Lord', 'NNP'), ('and', 'CC'), ('also', 'RB'), ('to', 'TO'), ('help', 'VB'), ('others', 'NNS'), ('for', 'IN'), ('the', 'DT'), ('glory', 'NN'), ('of', 'IN'), ('the', 'DT'), ('Lord', 'NNP'), ('John', 'NNP'), ('is', 'VBZ'), ('my', 'PRP$'), ('favorite', 'JJ'), ('verse', 'NN'), ('I', 'PRP'), ('preach', 'VBP'), ('this', 'DT'), ('word', 'NN'), ('to', 'TO'), ('many', 'JJ'), ('unsaved', 'JJ'), ('people', 'NNS'), ('that', 'IN'), ('they', 'PRP'), ('may', 'MD'), ('find', 'VB'), ('the', 'DT'), ('peace', 'NN'), ('in', 'IN'), ('Jesus', 'NNP'), ('Christ', 'NNP'), ('because', 'IN'), ('He', 'PRP'), ('is', 'VBZ'), ('the', 'DT'), ('Lord', 'NNP'), ('of', 'IN'), ('all', 'DT'), ('br', 'NN'), ('br', 'VBD'), ('a', 'DT'), ('href', 'NN')]"
"It is nice. but sadly its only a machine, not real people singing.",@David-Alexander-German,2022-12-27T16:49:21Z,2022-12-27T16:49:21Z,1,It is nice but sadly its only a machine not real people singing,"[('It', 'PRP'), ('is', 'VBZ'), ('nice', 'JJ'), ('but', 'CC'), ('sadly', 'RB'), ('its', 'PRP$'), ('only', 'RB'), ('a', 'DT'), ('machine', 'NN'), ('not', 'RB'), ('real', 'JJ'), ('people', 'NNS'), ('singing', 'VBG')]"
"I am really sorry for this, but this is not a real choir. This is a computer.  I don&#39;t like it at all, it is not physical and has no real music essence and performance.",@user-mc6md1yc2h,2022-12-26T12:49:08Z,2022-12-26T12:49:08Z,0,I am really sorry for this but this is not a real choir This is a computer I dont like it at all it is not physical and has no real music essence and performance,"[('I', 'PRP'), ('am', 'VBP'), ('really', 'RB'), ('sorry', 'JJ'), ('for', 'IN'), ('this', 'DT'), ('but', 'CC'), ('this', 'DT'), ('is', 'VBZ'), ('not', 'RB'), ('a', 'DT'), ('real', 'JJ'), ('choir', 'NN'), ('This', 'DT'), ('is', 'VBZ'), ('a', 'DT'), ('computer', 'NN'), ('I', 'PRP'), ('dont', 'VBP'), ('like', 'IN'), ('it', 'PRP'), ('at', 'IN'), ('all', 'DT'), ('it', 'PRP'), ('is', 'VBZ'), ('not', 'RB'), ('physical', 'JJ'), ('and', 'CC'), ('has', 'VBZ'), ('no', 'DT'), ('real', 'JJ'), ('music', 'NN'), ('essence', 'NN'), ('and', 'CC'), ('performance', 'NN')]"
"- très joli, merci !",@alaing6463,2022-12-26T09:47:31Z,2022-12-26T09:47:31Z,4,trs joli merci,"[('trs', 'NN'), ('joli', 'NN'), ('merci', 'NN')]"
The voices are so rich and what a wondrous blend of harmony!,@georgesims4372,2022-12-26T07:33:35Z,2022-12-26T07:33:35Z,34,The voices are so rich and what a wondrous blend of harmony,"[('The', 'DT'), ('voices', 'NNS'), ('are', 'VBP'), ('so', 'RB'), ('rich', 'JJ'), ('and', 'CC'), ('what', 'WP'), ('a', 'DT'), ('wondrous', 'JJ'), ('blend', 'NN'), ('of', 'IN'), ('harmony', 'NN')]"
"What beautiful Christmas music as we are celebrating the birth of Jesus Christ our Lord and Savior who came into this world, the perfect gift of God to mankind, giving eternal life to those who believe on Him, repent and ask for forgiveness of their sins. Glory, Honor and Praise be to Him forever and ever, Amen! <br>Wishing everyone a BLESSED CHRISTMAS and PEACE ON EARTH ❤️❤️❤️",@gj9736,2022-12-26T04:16:24Z,2022-12-26T04:24:31Z,10,What beautiful Christmas music as we are celebrating the birth of Jesus Christ our Lord and Savior who came into this world the perfect gift of God to mankind giving eternal life to those who believe on Him repent and ask for forgiveness of their sins Glory Honor and Praise be to Him forever and ever Amen brWishing everyone a BLESSED CHRISTMAS and PEACE ON EARTH,"[('What', 'WP'), ('beautiful', 'JJ'), ('Christmas', 'NNP'), ('music', 'NN'), ('as', 'IN'), ('we', 'PRP'), ('are', 'VBP'), ('celebrating', 'VBG'), ('the', 'DT'), ('birth', 'NN'), ('of', 'IN'), ('Jesus', 'NNP'), ('Christ', 'NNP'), ('our', 'PRP$'), ('Lord', 'NNP'), ('and', 'CC'), ('Savior', 'NNP'), ('who', 'WP'), ('came', 'VBD'), ('into', 'IN'), ('this', 'DT'), ('world', 'NN'), ('the', 'DT'), ('perfect', 'JJ'), ('gift', 'NN'), ('of', 'IN'), ('God', 'NNP'), ('to', 'TO'), ('mankind', 'VB'), ('giving', 'VBG'), ('eternal', 'JJ'), ('life', 'NN'), ('to', 'TO'), ('those', 'DT'), ('who', 'WP'), ('believe', 'VBP'), ('on', 'IN'), ('Him', 'NNP'), ('repent', 'NN'), ('and', 'CC'), ('ask', 'VB'), ('for', 'IN'), ('forgiveness', 'NN'), ('of', 'IN'), ('their', 'PRP$'), ('sins', 'NNS'), ('Glory', 'NNP'), ('Honor', 'NNP'), ('and', 'CC'), ('Praise', 'NNP'), ('be', 'VB'), ('to', 'TO'), ('Him', 'NNP'), ('forever', 'RB'), ('and', 'CC'), ('ever', 'RB'), ('Amen', 'NNP'), ('brWishing', 'VBG'), ('everyone', 'NN'), ('a', 'DT'), ('BLESSED', 'NNP'), ('CHRISTMAS', 'NNP'), ('and', 'CC'), ('PEACE', 'NNP'), ('ON', 'NNP'), ('EARTH', 'NNP')]"
"Very, very good. So beautiful,  so wonderful. Thank you.",@zuzannawisniewska4464,2022-12-25T15:31:28Z,2022-12-25T15:31:28Z,3,Very very good So beautiful so wonderful Thank you,"[('Very', 'RB'), ('very', 'RB'), ('good', 'JJ'), ('So', 'NNP'), ('beautiful', 'JJ'), ('so', 'RB'), ('wonderful', 'JJ'), ('Thank', 'NNP'), ('you', 'PRP')]"
Me too just 72 but agree with you,@jurajlenda,2022-12-25T14:32:20Z,2022-12-25T14:32:20Z,0,Me too just but agree with you,"[('Me', 'NNP'), ('too', 'RB'), ('just', 'RB'), ('but', 'CC'), ('agree', 'VBP'), ('with', 'IN'), ('you', 'PRP')]"
"Thank YOU for these wonderful play list. Remembering old days my late father was song leader so did his 2 other sisters. I always accompanied him as eldest of 9 and when my siblings were grown up always with Mom &amp; Dad attending church. X&#39;mas and Sunday&#39;s service were always a joy, bit sad missing those occasions with them.<br>Merry Christmas everyone in this global world. Jesus loves YOU all🌲🥰",@ericatupamahu4660,2022-12-25T14:22:00Z,2022-12-25T14:22:00Z,14,Thank YOU for these wonderful play list Remembering old days my late father was song leader so did his other sisters I always accompanied him as eldest of and when my siblings were grown up always with Mom amp Dad attending church Xmas and Sundays service were always a joy bit sad missing those occasions with thembrMerry Christmas everyone in this global world Jesus loves YOU all,"[('Thank', 'NNP'), ('YOU', 'NNP'), ('for', 'IN'), ('these', 'DT'), ('wonderful', 'JJ'), ('play', 'NN'), ('list', 'NN'), ('Remembering', 'NNP'), ('old', 'JJ'), ('days', 'NNS'), ('my', 'PRP$'), ('late', 'JJ'), ('father', 'NN'), ('was', 'VBD'), ('song', 'JJ'), ('leader', 'NN'), ('so', 'RB'), ('did', 'VBD'), ('his', 'PRP$'), ('other', 'JJ'), ('sisters', 'NNS'), ('I', 'PRP'), ('always', 'RB'), ('accompanied', 'VBD'), ('him', 'PRP'), ('as', 'IN'), ('eldest', 'NN'), ('of', 'IN'), ('and', 'CC'), ('when', 'WRB'), ('my', 'PRP$'), ('siblings', 'NNS'), ('were', 'VBD'), ('grown', 'VBN'), ('up', 'RP'), ('always', 'RB'), ('with', 'IN'), ('Mom', 'NNP'), ('amp', 'VBP'), ('Dad', 'NNP'), ('attending', 'VBG'), ('church', 'NN'), ('Xmas', 'NNP'), ('and', 'CC'), ('Sundays', 'NNP'), ('service', 'NN'), ('were', 'VBD'), ('always', 'RB'), ('a', 'DT'), ('joy', 'NN'), ('bit', 'NN'), ('sad', 'JJ'), ('missing', 'VBG'), ('those', 'DT'), ('occasions', 'NNS'), ('with', 'IN'), ('thembrMerry', 'JJ'), ('Christmas', 'NNP'), ('everyone', 'NN'), ('in', 'IN'), ('this', 'DT'), ('global', 'JJ'), ('world', 'NN'), ('Jesus', 'NNP'), ('loves', 'VBZ'), ('YOU', 'NNP'), ('all', 'DT')]"
So beautiful! Thank you and blessed Christmas to you.,@shcheah2002,2022-12-25T14:14:58Z,2022-12-25T14:14:58Z,13,So beautiful Thank you and blessed Christmas to you,"[('So', 'RB'), ('beautiful', 'JJ'), ('Thank', 'NNP'), ('you', 'PRP'), ('and', 'CC'), ('blessed', 'VBD'), ('Christmas', 'NNP'), ('to', 'TO'), ('you', 'PRP')]"
"A beautiful set of carols that take me back to my childhood, but we also sing them now, because the tradition must be preserved.",@zuzannawisniewska4464,2022-12-25T13:09:09Z,2022-12-25T13:09:09Z,49,A beautiful set of carols that take me back to my childhood but we also sing them now because the tradition must be preserved,"[('A', 'DT'), ('beautiful', 'JJ'), ('set', 'NN'), ('of', 'IN'), ('carols', 'NNS'), ('that', 'WDT'), ('take', 'VBP'), ('me', 'PRP'), ('back', 'RB'), ('to', 'TO'), ('my', 'PRP$'), ('childhood', 'NN'), ('but', 'CC'), ('we', 'PRP'), ('also', 'RB'), ('sing', 'VBG'), ('them', 'PRP'), ('now', 'RB'), ('because', 'IN'), ('the', 'DT'), ('tradition', 'NN'), ('must', 'MD'), ('be', 'VB'), ('preserved', 'VBN')]"
Absolutely gorgeous 💖🌟☃️🎄🇨🇦,@shelleylund612,2022-12-25T08:50:58Z,2022-12-25T08:50:58Z,12,Absolutely gorgeous,"[('Absolutely', 'RB'), ('gorgeous', 'JJ')]"
✨💛✨Beautiful!✨🎶✨🕊✨ 🎶✨🎶,@luvit8124,2022-12-25T07:27:27Z,2022-12-25T07:27:27Z,3,Beautiful,"[('Beautiful', 'JJ')]"
This is beautiful no matter the language. I try to remember the words and the music tells me what they are singing. Lovely😊,@lindacnickerson5863,2022-12-25T06:19:47Z,2022-12-25T06:19:47Z,18,This is beautiful no matter the language I try to remember the words and the music tells me what they are singing Lovely,"[('This', 'DT'), ('is', 'VBZ'), ('beautiful', 'JJ'), ('no', 'DT'), ('matter', 'NN'), ('the', 'DT'), ('language', 'NN'), ('I', 'PRP'), ('try', 'VBP'), ('to', 'TO'), ('remember', 'VB'), ('the', 'DT'), ('words', 'NNS'), ('and', 'CC'), ('the', 'DT'), ('music', 'NN'), ('tells', 'VBZ'), ('me', 'PRP'), ('what', 'WP'), ('they', 'PRP'), ('are', 'VBP'), ('singing', 'VBG'), ('Lovely', 'RB')]"
"This is not real. This &quot;music&quot; is not made by real people, BUT rather machines/AI.<br>It is computer generated.....sadly.<br>This genre of&quot;music&quot; has become rather deceptive.....as it is not real &quot;singers&quot; nor &quot;musicians&quot;.<br>Listen to any given track from this channel......it ALL sounds the same.<br>I liken it to &quot;CGI in the form of sound&quot;, not visual.",@FordSeniorMaster,2022-12-25T06:14:18Z,2022-12-25T06:14:18Z,1,This is not real This quotmusicquot is not made by real people BUT rather machinesAIbrIt is computer generatedsadlybrThis genre ofquotmusicquot has become rather deceptiveas it is not real quotsingersquot nor quotmusiciansquotbrListen to any given track from this channelit ALL sounds the samebrI liken it to quotCGI in the form of soundquot not visual,"[('This', 'DT'), ('is', 'VBZ'), ('not', 'RB'), ('real', 'JJ'), ('This', 'DT'), ('quotmusicquot', 'NN'), ('is', 'VBZ'), ('not', 'RB'), ('made', 'VBN'), ('by', 'IN'), ('real', 'JJ'), ('people', 'NNS'), ('BUT', 'NNP'), ('rather', 'RB'), ('machinesAIbrIt', 'NN'), ('is', 'VBZ'), ('computer', 'NN'), ('generatedsadlybrThis', 'NN'), ('genre', 'NN'), ('ofquotmusicquot', 'NN'), ('has', 'VBZ'), ('become', 'VBN'), ('rather', 'RB'), ('deceptiveas', 'JJ'), ('it', 'PRP'), ('is', 'VBZ'), ('not', 'RB'), ('real', 'JJ'), ('quotsingersquot', 'NNS'), ('nor', 'CC'), ('quotmusiciansquotbrListen', 'JJ'), ('to', 'TO'), ('any', 'DT'), ('given', 'VBN'), ('track', 'NN'), ('from', 'IN'), ('this', 'DT'), ('channelit', 'NN'), ('ALL', 'NNP'), ('sounds', 'VBZ'), ('the', 'DT'), ('samebrI', 'NN'), ('liken', 'VBZ'), ('it', 'PRP'), ('to', 'TO'), ('quotCGI', 'VB'), ('in', 'IN'), ('the', 'DT'), ('form', 'NN'), ('of', 'IN'), ('soundquot', 'NN'), ('not', 'RB'), ('visual', 'JJ')]"
BBN-Un oasis en el desierto Que el  que no naciere  de nuevo no puede ver el reino de Dios Juana 3-3,@TRACTS4JESUS,2022-12-24T21:40:18Z,2022-12-24T21:40:18Z,1,BBNUn oasis en el desierto Que el que no naciere de nuevo no puede ver el reino de Dios Juana,"[('BBNUn', 'NNP'), ('oasis', 'NN'), ('en', 'NN'), ('el', 'NN'), ('desierto', 'NN'), ('Que', 'NNP'), ('el', 'NN'), ('que', 'NN'), ('no', 'DT'), ('naciere', 'FW'), ('de', 'FW'), ('nuevo', 'FW'), ('no', 'DT'), ('puede', 'NN'), ('ver', 'RB'), ('el', 'JJ'), ('reino', 'NN'), ('de', 'IN'), ('Dios', 'NNP'), ('Juana', 'NNP')]"
Love listening to this choir singing. What language are they singing in?,@leonamartin3466,2022-12-24T21:04:51Z,2022-12-24T21:04:51Z,4,Love listening to this choir singing What language are they singing in,"[('Love', 'VB'), ('listening', 'NN'), ('to', 'TO'), ('this', 'DT'), ('choir', 'NN'), ('singing', 'VBG'), ('What', 'WP'), ('language', 'NN'), ('are', 'VBP'), ('they', 'PRP'), ('singing', 'VBG'), ('in', 'IN')]"
I am 93 years old and still enjoying alone.,@user-hh9lf8rw3l,2022-12-24T15:46:37Z,2022-12-24T15:46:37Z,301,I am years old and still enjoying alone,"[('I', 'PRP'), ('am', 'VBP'), ('years', 'NNS'), ('old', 'JJ'), ('and', 'CC'), ('still', 'RB'), ('enjoying', 'VBG'), ('alone', 'RB')]"
Красно дякую!,@9boh6dan3,2022-12-24T14:17:52Z,2022-12-24T14:17:52Z,5,,[]
"Lindas músicas, um misto de paz , harmonia e gratidão.",@socorrodasilva4372,2022-12-24T13:24:41Z,2022-12-24T13:24:41Z,10,Lindas msicas um misto de paz harmonia e gratido,"[('Lindas', 'NNP'), ('msicas', 'NN'), ('um', 'JJ'), ('misto', 'NN'), ('de', 'IN'), ('paz', 'FW'), ('harmonia', 'NN'), ('e', 'NN'), ('gratido', 'NN')]"
Lindíssimo! Nos contata com as Hostes Celestiais! Feliz Natal 🎁🎄 ❤,@claudiabenini9144,2022-12-24T12:04:13Z,2022-12-24T12:04:13Z,7,Lindssimo Nos contata com as Hostes Celestiais Feliz Natal,"[('Lindssimo', 'NNP'), ('Nos', 'NNP'), ('contata', 'NN'), ('com', 'NN'), ('as', 'IN'), ('Hostes', 'NNP'), ('Celestiais', 'NNP'), ('Feliz', 'NNP'), ('Natal', 'NNP')]"
thank for singing such wonderful music .may all be blessed who hear this. praise GODs  holy name ! joy is for us all to have! amen!,@deborahautry8922,2022-12-24T09:45:52Z,2022-12-24T09:45:52Z,17,thank for singing such wonderful music may all be blessed who hear this praise GODs holy name joy is for us all to have amen,"[('thank', 'NN'), ('for', 'IN'), ('singing', 'VBG'), ('such', 'JJ'), ('wonderful', 'JJ'), ('music', 'NN'), ('may', 'MD'), ('all', 'DT'), ('be', 'VB'), ('blessed', 'VBN'), ('who', 'WP'), ('hear', 'VBP'), ('this', 'DT'), ('praise', 'NN'), ('GODs', 'NNP'), ('holy', 'NN'), ('name', 'NN'), ('joy', 'NN'), ('is', 'VBZ'), ('for', 'IN'), ('us', 'PRP'), ('all', 'DT'), ('to', 'TO'), ('have', 'VB'), ('amen', 'NNS')]"
This music is the kind of music that makes me,@Stacyohama,2022-12-24T00:37:54Z,2022-12-24T00:37:54Z,4,This music is the kind of music that makes me,"[('This', 'DT'), ('music', 'NN'), ('is', 'VBZ'), ('the', 'DT'), ('kind', 'NN'), ('of', 'IN'), ('music', 'NN'), ('that', 'WDT'), ('makes', 'VBZ'), ('me', 'PRP')]"
"Silent Night - transcends all languages and cultures and was able to stop war in 1914 on Christmas Eve as soldiers singing from both sides came together to exchange peace and glad tidings if only temporarily. When men who are ordered to fight and kill, come together like that they see humanity and long for peace...and the Commanders know it. Soldiers long for the peace and love brought to the world by a little babe 2000 years ago who was born in a manger at midnight in Bethlehem in piercing cold. Peace on earth, good will t&#39;ward men. God bless.",@user-mq9co4tl1w,2022-12-23T17:54:27Z,2022-12-23T17:54:27Z,49,Silent Night transcends all languages and cultures and was able to stop war in on Christmas Eve as soldiers singing from both sides came together to exchange peace and glad tidings if only temporarily When men who are ordered to fight and kill come together like that they see humanity and long for peaceand the Commanders know it Soldiers long for the peace and love brought to the world by a little babe years ago who was born in a manger at midnight in Bethlehem in piercing cold Peace on earth good will tward men God bless,"[('Silent', 'JJ'), ('Night', 'NNP'), ('transcends', 'VBZ'), ('all', 'DT'), ('languages', 'NNS'), ('and', 'CC'), ('cultures', 'NNS'), ('and', 'CC'), ('was', 'VBD'), ('able', 'JJ'), ('to', 'TO'), ('stop', 'VB'), ('war', 'NN'), ('in', 'IN'), ('on', 'IN'), ('Christmas', 'NNP'), ('Eve', 'NNP'), ('as', 'IN'), ('soldiers', 'NNS'), ('singing', 'VBG'), ('from', 'IN'), ('both', 'DT'), ('sides', 'NNS'), ('came', 'VBD'), ('together', 'RB'), ('to', 'TO'), ('exchange', 'VB'), ('peace', 'NN'), ('and', 'CC'), ('glad', 'JJ'), ('tidings', 'NNS'), ('if', 'IN'), ('only', 'RB'), ('temporarily', 'RB'), ('When', 'WRB'), ('men', 'NNS'), ('who', 'WP'), ('are', 'VBP'), ('ordered', 'VBN'), ('to', 'TO'), ('fight', 'VB'), ('and', 'CC'), ('kill', 'VB'), ('come', 'VB'), ('together', 'RB'), ('like', 'IN'), ('that', 'DT'), ('they', 'PRP'), ('see', 'VBP'), ('humanity', 'NN'), ('and', 'CC'), ('long', 'RB'), ('for', 'IN'), ('peaceand', 'NN'), ('the', 'DT'), ('Commanders', 'NNPS'), ('know', 'VBP'), ('it', 'PRP'), ('Soldiers', 'NNP'), ('long', 'RB'), ('for', 'IN'), ('the', 'DT'), ('peace', 'NN'), ('and', 'CC'), ('love', 'VB'), ('brought', 'NN'), ('to', 'TO'), ('the', 'DT'), ('world', 'NN'), ('by', 'IN'), ('a', 'DT'), ('little', 'JJ'), ('babe', 'NN'), ('years', 'NNS'), ('ago', 'IN'), ('who', 'WP'), ('was', 'VBD'), ('born', 'VBN'), ('in', 'IN'), ('a', 'DT'), ('manger', 'NN'), ('at', 'IN'), ('midnight', 'NN'), ('in', 'IN'), ('Bethlehem', 'NNP'), ('in', 'IN'), ('piercing', 'VBG'), ('cold', 'JJ'), ('Peace', 'NN'), ('on', 'IN'), ('earth', 'NN'), ('good', 'JJ'), ('will', 'MD'), ('tward', 'VB'), ('men', 'NNS'), ('God', 'NNP'), ('bless', 'NN')]"
"thank you!!!! I am 73 years old and all this beautiful music takes me back to mi childhood. I pray for the future geneerations to understand and love this music and continue teaching their children the best season of all, when the Lord came to us because he still has faith in humanity. thank you from Guatemala/Honduras.",@martainesarellanodonaire8211,2022-12-23T16:33:57Z,2022-12-23T16:33:57Z,131,thank you I am years old and all this beautiful music takes me back to mi childhood I pray for the future geneerations to understand and love this music and continue teaching their children the best season of all when the Lord came to us because he still has faith in humanity thank you from GuatemalaHonduras,"[('thank', 'IN'), ('you', 'PRP'), ('I', 'PRP'), ('am', 'VBP'), ('years', 'NNS'), ('old', 'JJ'), ('and', 'CC'), ('all', 'PDT'), ('this', 'DT'), ('beautiful', 'JJ'), ('music', 'NN'), ('takes', 'VBZ'), ('me', 'PRP'), ('back', 'RB'), ('to', 'TO'), ('mi', 'VB'), ('childhood', 'NN'), ('I', 'PRP'), ('pray', 'VBP'), ('for', 'IN'), ('the', 'DT'), ('future', 'JJ'), ('geneerations', 'NNS'), ('to', 'TO'), ('understand', 'VB'), ('and', 'CC'), ('love', 'VB'), ('this', 'DT'), ('music', 'NN'), ('and', 'CC'), ('continue', 'VB'), ('teaching', 'VBG'), ('their', 'PRP$'), ('children', 'NNS'), ('the', 'DT'), ('best', 'JJS'), ('season', 'NN'), ('of', 'IN'), ('all', 'DT'), ('when', 'WRB'), ('the', 'DT'), ('Lord', 'NNP'), ('came', 'VBD'), ('to', 'TO'), ('us', 'PRP'), ('because', 'IN'), ('he', 'PRP'), ('still', 'RB'), ('has', 'VBZ'), ('faith', 'VBN'), ('in', 'IN'), ('humanity', 'NN'), ('thank', 'NN'), ('you', 'PRP'), ('from', 'IN'), ('GuatemalaHonduras', 'NNP')]"
Sangat menenangkan hati dan jiwa. Bagaikan suara Malaikat dari Surga. Selamat Natal saudara saudaraku semua.,@widodosoepangkat1805,2022-12-23T14:28:12Z,2022-12-23T14:28:12Z,9,Sangat menenangkan hati dan jiwa Bagaikan suara Malaikat dari Surga Selamat Natal saudara saudaraku semua,"[('Sangat', 'NNP'), ('menenangkan', 'NN'), ('hati', 'NN'), ('dan', 'NN'), ('jiwa', 'NN'), ('Bagaikan', 'NNP'), ('suara', 'NN'), ('Malaikat', 'NNP'), ('dari', 'NN'), ('Surga', 'NNP'), ('Selamat', 'NNP'), ('Natal', 'NNP'), ('saudara', 'NN'), ('saudaraku', 'NN'), ('semua', 'NN')]"
Beautiful music and you can sing along in English or your own vernacular!,@cheriemorris-tafatu1300,2022-12-23T11:28:54Z,2022-12-23T11:28:54Z,12,Beautiful music and you can sing along in English or your own vernacular,"[('Beautiful', 'JJ'), ('music', 'NN'), ('and', 'CC'), ('you', 'PRP'), ('can', 'MD'), ('sing', 'VB'), ('along', 'RP'), ('in', 'IN'), ('English', 'NNP'), ('or', 'CC'), ('your', 'PRP$'), ('own', 'JJ'), ('vernacular', 'NN')]"
Рождество снова пришло. С Рождеством тебя и твоих близких,@RelaxMusictv2023,2022-12-23T10:14:41Z,2022-12-23T10:14:41Z,7,,[]
magnifique,@cathyedel6555,2022-12-23T04:25:12Z,2022-12-23T04:25:12Z,11,magnifique,"[('magnifique', 'NN')]"
😇🙇‍♀️🙇‍♂️🙏🙏🌲🌹🍀🌹🌲🌹🤗 Amazing Merry<br>Christmas 2022,@ntm6855,2022-12-23T02:49:02Z,2022-12-23T02:51:12Z,7,Amazing MerrybrChristmas,"[('Amazing', 'NNP'), ('MerrybrChristmas', 'NNP')]"
Cant sing with it. Not English.,@MsFred58,2022-12-22T22:37:22Z,2022-12-22T22:37:22Z,3,Cant sing with it Not English,"[('Cant', 'JJ'), ('sing', 'NN'), ('with', 'IN'), ('it', 'PRP'), ('Not', 'RB'), ('English', 'VB')]"
Beautiful!,@wiwarb,2022-12-22T21:39:02Z,2022-12-22T21:39:02Z,20,Beautiful,"[('Beautiful', 'JJ')]"
very very god,@marie-paulross,2022-12-22T01:41:27Z,2022-12-22T01:41:27Z,6,very very god,"[('very', 'RB'), ('very', 'RB'), ('god', 'JJ')]"
"We just posted another Christmas Choir Video here: <a href=""https://youtu.be/n5rWsy6bWuI"">https://youtu.be/n5rWsy6bWuI</a><br>What is your favorite song in the video?",@AmbientMusicParadise,2022-12-20T04:03:42Z,2022-12-20T04:03:42Z,20,We just posted another Christmas Choir Video here a href is your favorite song in the video,"[('We', 'PRP'), ('just', 'RB'), ('posted', 'VBD'), ('another', 'DT'), ('Christmas', 'NNP'), ('Choir', 'NNP'), ('Video', 'NNP'), ('here', 'RB'), ('a', 'DT'), ('href', 'NN'), ('is', 'VBZ'), ('your', 'PRP$'), ('favorite', 'JJ'), ('song', 'NN'), ('in', 'IN'), ('the', 'DT'), ('video', 'NN')]"
Beautiful music but I don&#39;t recognize the language it&#39;s being sung in,@cherylroeben8353,2022-12-20T03:27:56Z,2022-12-20T03:27:56Z,14,Beautiful music but I dont recognize the language its being sung in,"[('Beautiful', 'JJ'), ('music', 'NN'), ('but', 'CC'), ('I', 'PRP'), ('dont', 'VBP'), ('recognize', 'VB'), ('the', 'DT'), ('language', 'NN'), ('its', 'PRP$'), ('being', 'VBG'), ('sung', 'VBN'), ('in', 'IN')]"
聖誕快樂，主降臨，願世界和平❤️,@user-jf8sv6dc9t,2022-12-19T16:44:31Z,2022-12-19T16:44:31Z,9,,[]
"It really is very soulful Christmas music. This music awakens the eternal child that we hold within us and thus, we become children again, sweetly nostalgic for the distant past.",@ArchonAlternative,2022-12-18T15:26:09Z,2022-12-18T15:26:09Z,53,It really is very soulful Christmas music This music awakens the eternal child that we hold within us and thus we become children again sweetly nostalgic for the distant past,"[('It', 'PRP'), ('really', 'RB'), ('is', 'VBZ'), ('very', 'RB'), ('soulful', 'JJ'), ('Christmas', 'NNP'), ('music', 'NN'), ('This', 'DT'), ('music', 'NN'), ('awakens', 'VBZ'), ('the', 'DT'), ('eternal', 'JJ'), ('child', 'NN'), ('that', 'IN'), ('we', 'PRP'), ('hold', 'VBP'), ('within', 'IN'), ('us', 'PRP'), ('and', 'CC'), ('thus', 'RB'), ('we', 'PRP'), ('become', 'VBP'), ('children', 'NNS'), ('again', 'RB'), ('sweetly', 'RB'), ('nostalgic', 'JJ'), ('for', 'IN'), ('the', 'DT'), ('distant', 'JJ'), ('past', 'NN')]"
